,Sample_ID,Sample_Name,I7_Index_ID,Brain region,RNAseq/ATACseq,Enrichment,Sample_Name_original,Sample_Name_normalized
0,IGF0008416,1A,i701,,,,1A,1A
1,IGF0008417,1B,i701,,,,1B,1B
2,IGF0008418,1C,i701,,,,1C,1C
3,IGF0008419,1D,i701,,,,1D,1D
4,IGF0008420,1E,i702,,,,1E,1E
5,IGF0008421,1F,i702,,,,1F,1F
6,IGF0008422,2A,i702,,,,2A,2A
7,IGF0008423,2B,i702,,,,2B,2B
8,IGF0008424,2C,i703,,,,2C,2C
9,IGF0008425,2D,i703,,,,2D,2D
10,IGF0008428,3A,i704,,,,3A,3A
11,IGF0008429,3B,i704,,,,3B,3B
12,IGF0008430,3C,i704,,,,3C,3C
13,IGF0008431,3D,i704,,,,3D,3D
14,IGF0008432,3E,i705,,,,3E,3E
15,IGF0008433,3F,i705,,,,3F,3F
16,IGF0008434,4A,i705,,,,4A,4A
17,IGF0008435,4B,i705,,,,4B,4B
18,IGF0008436,4C,i706,,,,4C,4C
19,IGF0008437,4D,i706,,,,4D,4D
20,IGF0008438,4E,i706,,,,4E,4E
21,IGF0008439,4F,i706,,,,4F,4F
22,IGF0008440,5A,i707,,,,5A,5A
23,IGF0008441,5B,i707,,,,5B,5B
24,IGF0008442,5C,i707,,,,5C,5C
25,IGF0008443,5D,i707,,,,5D,5D
26,IGF0008444,5E,i708,,,,5E,5E
27,IGF0008445,5F,i708,,,,5F,5F
28,IGF0008446,6A,i708,,,,6A,6A
29,IGF0008447,6B,i708,,,,6B,6B
30,IGF0008448,6C,i709,,,,6C,6C
31,IGF0008449,6D,i709,,,,6D,6D
32,IGF0008450,6E,i709,,,,6E,6E
33,IGF0008451,6F,i709,,,,6F,6F
34,IGF0008452,7A,i710,,,,7A,7A
35,IGF0008453,7B,i710,,,,7B,7B
36,IGF0008454,7C,i710,,,,7C,7C
37,IGF0008455,7D,i710,,,,7D,7D
38,IGF0008456,7E,i711,,,,7E,7E
39,IGF0008457,7F,i711,,,,7F,7F
40,IGF0008458,8A,i711,,,,8A,8A
41,IGF0008459,8B,i711,,,,8B,8B
42,IGF0008460,8C,i712,,,,8C,8C
43,IGF0008461,8D,i712,,,,8D,8D
44,IGF0008462,8E,i712,,,,8E,8E
45,IGF0008463,8F,i712,,,,8F,8F
0,IGF104775,Sort5-Small_1,,,,,Sort5-Small_1,Sort5_Small
4,IGF104776,Sort5-Big_1,,,,,Sort5-Big_1,Sort5_Big
8,IGF104777,Sort5-Both_1,,,,,Sort5-Both_1,Sort5_Both
0,IGF109273,PD332_1,SI-GA-E2,,,,PD332_1,PD332
4,IGF109274,PD566_1,SI-GA-E8,,,,PD566_1,PD566
8,IGF109275,PD706_1,SI-GA-E12,,,,PD706_1,PD706
12,IGF109276,PD060_1,SI-GA-G8,,,,PD060_1,PD060
16,IGF109277,PD163_1,SI-GA-H3,,,,PD163_1,PD163
20,IGF109278,PD115_1,SI-GA-G11,,,,PD115_1,PD115
24,IGF109279,PD294_1,SI-GA-G12,,,,PD294_1,PD294
28,IGF109280,PD341_1,SI-GA-E3,,,,PD341_1,PD341
32,IGF109281,PD366_1,SI-GA-E6,,,,PD366_1,PD366
36,IGF109282,PD415_1,SI-GA-F1,,,,PD415_1,PD415
40,IGF109283,PD563_1,SI-GA-E11,,,,PD563_1,PD563
44,IGF109284,PD678_1,SI-GA-G10,,,,PD678_1,PD678
48,IGF109285,PD501_1,SI-GA-H4,,,,PD501_1,PD501
52,IGF109286,PD531_1,SI-GA-H1,,,,PD531_1,PD531
56,IGF109287,PD732_1,SI-GA-E4,,,,PD732_1,PD732
60,IGF109288,PD413_1,SI-GA-E10,,,,PD413_1,PD413
64,IGF109289,PD416_1,SI-GA-E7,,,,PD416_1,PD416
68,IGF109290,PD523_1,SI-GA-F2,,,,PD523_1,PD523
72,IGF109291,PD747_1,SI-GA-F3,,,,PD747_1,PD747
76,IGF109292,PD666_1,SI-GA-G9,,,,PD666_1,PD666
80,IGF109293,PD683_1,SI-GA-H5,,,,PD683_1,PD683
84,IGF109294,PDC05_1,SI-GA-E1,,,,PDC05_1,PDC05
88,IGF109295,PDC22_1,SI-GA-E5,,,,PDC22_1,PDC22
92,IGF109296,PDC34_1,SI-GA-E9,,,,PDC34_1,PDC34
96,IGF109297,PDC87_1,SI-GA-F4,,,,PDC87_1,PDC87
100,IGF109298,PDC91_1,SI-GA-H2,,,,PDC91_1,PDC91
104,IGF109299,C36_1,SI-GA-B12,,,,C36_1,C36
108,IGF109300,C48_1,SI-GA-B7,,,,C48_1,C48
0,IGF103923,S20180405S_1,SI-GA-E5,,,,S20180405S_1,S20180405S
0,IGF109243,PD332_1,SI-GA-E2,,,,PD332_1,PD332
4,IGF109244,PD566_1,SI-GA-E8,,,,PD566_1,PD566
8,IGF109245,PD706_1,SI-GA-E12,,,,PD706_1,PD706
12,IGF109246,PD060_1,SI-GA-G8,,,,PD060_1,PD060
16,IGF109247,PD163_1,SI-GA-H3,,,,PD163_1,PD163
20,IGF109248,PD115_1,SI-GA-G11,,,,PD115_1,PD115
24,IGF109249,PD294_1,SI-GA-G12,,,,PD294_1,PD294
28,IGF109250,PD341_1,SI-GA-E3,,,,PD341_1,PD341
32,IGF109251,PD366_1,SI-GA-E6,,,,PD366_1,PD366
36,IGF109252,PD415_1,SI-GA-F1,,,,PD415_1,PD415
40,IGF109253,PD563_1,SI-GA-E11,,,,PD563_1,PD563
44,IGF109254,PD678_1,SI-GA-G10,,,,PD678_1,PD678
48,IGF109255,PD501_1,SI-GA-H4,,,,PD501_1,PD501
52,IGF109256,PD531_1,SI-GA-H1,,,,PD531_1,PD531
56,IGF109257,PD732_1,SI-GA-E4,,,,PD732_1,PD732
60,IGF109258,PD413_1,SI-GA-E10,,,,PD413_1,PD413
64,IGF109259,PD416_1,SI-GA-E7,,,,PD416_1,PD416
68,IGF109260,PD523_1,SI-GA-F2,,,,PD523_1,PD523
72,IGF109261,PD747_1,SI-GA-F3,,,,PD747_1,PD747
76,IGF109262,PD666_1,SI-GA-G9,,,,PD666_1,PD666
80,IGF109263,PD683_1,SI-GA-H5,,,,PD683_1,PD683
84,IGF109264,PDC05_1,SI-GA-E1,,,,PDC05_1,PDC05
88,IGF109265,PDC22_1,SI-GA-E5,,,,PDC22_1,PDC22
92,IGF109266,PDC34_1,SI-GA-E9,,,,PDC34_1,PDC34
96,IGF109267,PDC87_1,SI-GA-F4,,,,PDC87_1,PDC87
100,IGF109268,PDC91_1,SI-GA-H2,,,,PDC91_1,PDC91
104,IGF109269,C36_1,SI-GA-B12,,,,C36_1,C36
108,IGF109270,C48_1,SI-GA-B7,,,,C48_1,C48
112,1,IGF0004506,RB01A_29_01_15,,,,IGF0004506,IGF0004506
124,6,IGF0004506,RB01A_29_01_15,,,,IGF0004506,IGF0004506
125,7,IGF0004506,RB01A_29_01_15,,,,IGF0004506,IGF0004506
126,8,IGF0004506,RB01A_29_01_15,,,,IGF0004506,IGF0004506
0,IGF104171,Sort2-Small_1,SI-GA-G6,,,,Sort2-Small_1,Sort2_Small
4,IGF104172,Sort2-Big_1,SI-GA-G7,,,,Sort2-Big_1,Sort2_Big
8,IGF104173,Sort3-Both_1,SI-GA-G8,,,,Sort3-Both_1,Sort3_Both
0,IGF107285,C36Whitematter_1,,,,,C36Whitematter_1,C36Whitematter
4,IGF107286,PDC39Whitematter_1,,,,,PDC39Whitematter_1,PDC39Whitematter
0,IGF106094,PD1085_1,SI-GA-C10,,,,PD1085_1,PD1085
4,IGF106092,PDC05_1,SI-GA-B5,,,,PDC05_1,PDC05
8,IGF106093,Doublet_1,SI-GA-B6,,,,Doublet_1,Doublet
0,IGF106742,MS527_1,SI-GA-C11,,,,MS527_1,MS527
4,IGF106743,MS411_1,SI-GA-B11,,,,MS411_1,MS411
8,IGF106744,MS513_1,SI-GA-B9,,,,MS513_1,MS513
12,IGF106745,MS586_1,SI-GA-C6,,,,MS586_1,MS586
16,IGF106746,MS535_1,SI-GA-C3,,,,MS535_1,MS535
20,IGF106747,MS549_1,SI-GA-C5,,,,MS549_1,MS549
24,IGF106748,MS530_1,SI-GA-C2,,,,MS530_1,MS530
28,IGF106749,MS558_1,SI-GA-C12,,,,MS558_1,MS558
32,IGF106750,MS461_1,SI-GA-B8,,,,MS461_1,MS461
36,IGF106751,MS430_1,SI-GA-B10,,,,MS430_1,MS430
40,IGF106752,C36_1,SI-GA-B12,,,,C36_1,C36
44,IGF106753,C48_1,SI-GA-B7,,,,C48_1,C48
48,IGF106754,C54_1,SI-GA-C1,,,,C54_1,C54
52,IGF106755,PDC39_1,SI-GA-C4,,,,PDC39_1,PDC39
56,IGF106756,PDC40_1,SI-GA-C10,,,,PDC40_1,PDC40
60,IGF106757,PD040_1,SI-GA-D1,,,,PD040_1,PD040
64,IGF106758,PD574_1,SI-GA-D2,,,,PD574_1,PD574
68,IGF106759,PD658_1,SI-GA-D3,,,,PD658_1,PD658
72,IGF106760,PD738_1,SI-GA-D4,,,,PD738_1,PD738
76,IGF106761,PD855_1,SI-GA-D5,,,,PD855_1,PD855
0,IGF108711,MS527_1,SI-GA-C11,,,,MS527_1,MS527
4,IGF108712,MS411_1,SI-GA-B11,,,,MS411_1,MS411
8,IGF108713,MS513_1,SI-GA-B9,,,,MS513_1,MS513
12,IGF108714,MS586_1,SI-GA-C6,,,,MS586_1,MS586
16,IGF108715,MS549_1,SI-GA-C5,,,,MS549_1,MS549
20,IGF108716,MS558_1,SI-GA-C12,,,,MS558_1,MS558
24,IGF108717,MS461_1,SI-GA-B8,,,,MS461_1,MS461
28,IGF108718,MS430_1,SI-GA-B10,,,,MS430_1,MS430
32,IGF108719,C36_1,SI-GA-B12,,,,C36_1,C36
36,IGF108720,C48_1,SI-GA-B7,,,,C48_1,C48
40,IGF108721,C54_1,SI-GA-C1,,,,C54_1,C54
44,IGF108722,PDC39_1,SI-GA-C4,,,,PDC39_1,PDC39
48,IGF108723,PDC40_1,SI-GA-C10,,,,PDC40_1,PDC40
52,IGF108724,MS402_1,SI-GA-F11,,,,MS402_1,MS402
56,IGF108725,MS407_1,SI-GA-F6,,,,MS407_1,MS407
60,IGF108726,MS422_1,SI-GA-F7,,,,MS422_1,MS422
64,IGF108727,MS426_1,SI-GA-F8,,,,MS426_1,MS426
68,IGF108728,MS542_1,SI-GA-G3,,,,MS542_1,MS542
72,IGF108729,MS405_1,SI-GA-F5,,,,MS405_1,MS405
76,IGF108730,MS523_1,SI-GA-F10,,,,MS523_1,MS523
80,IGF108731,MS510_1,SI-GA-F9,,,,MS510_1,MS510
84,IGF108732,MS538_1,SI-GA-G2,,,,MS538_1,MS538
88,IGF108733,MS491_1,SI-GA-F12,,,,MS491_1,MS491
92,IGF108734,C51_1,SI-GA-G1,,,,C51_1,C51
96,IGF108735,PDC05_1,SI-GA-E1,,,,PDC05_1,PDC05
100,IGF108736,PDC22_1,SI-GA-E5,,,,PDC22_1,PDC22
0,IGF109707,MS402,i706,,,,MS402,MS402
1,IGF109708,MS407,i706,,,,MS407,MS407
2,IGF109709,MS422,i706,,,,MS422,MS422
3,IGF109710,MS426,i706,,,,MS426,MS426
4,IGF109711,MS542,i706,,,,MS542,MS542
5,IGF109712,MS405,i706,,,,MS405,MS405
6,IGF109713,MS523,i706,,,,MS523,MS523
7,IGF109714,MS510,i706,,,,MS510,MS510
8,IGF109715,MS538,i707,,,,MS538,MS538
9,IGF109716,MS491,i707,,,,MS491,MS491
10,IGF109717,C51,i707,,,,C51,C51
11,IGF109718,MS527,710,,,,MS527,MS527
12,IGF109719,MS411,710,,,,MS411,MS411
13,IGF109720,MS513,710,,,,MS513,MS513
14,IGF109721,MS586,710,,,,MS586,MS586
15,IGF109722,MS558,710,,,,MS558,MS558
16,IGF109723,MS461,711,,,,MS461,MS461
17,IGF109724,MS430,711,,,,MS430,MS430
18,IGF109725,C36,711,,,,C36,C36
19,IGF109726,C48,711,,,,C48,C48
20,IGF109727,C54,712,,,,C54,C54
21,IGF109728,PDC40,711,,,,PDC40,PDC40
0,IGF105566,NeuN-positive_1,SI-GA-B1,,,,NeuN-positive_1,NeuN_positive
4,IGF105567,NeuN-negative_1,SI-GA-B2,,,,NeuN-negative_1,NeuN_negative
8,IGF105568,NeuN-all_1,SI-GA-B3,,,,NeuN-all_1,NeuN_all
0,IGF109921,06-Apr,,,,,06-Apr,06_Apr
1,IGF109922,07-Apr,,,,,07-Apr,07_Apr
2,IGF109923,19-0,,,,,19-0,19
3,IGF109924,19-Aug,,,,,19-Aug,19_Aug
4,IGF109925,21-Jun,,,,,21-Jun,21_Jun
5,IGF109926,21-Aug,,,,,21-Aug,21_Aug
6,IGF109927,30-0,,,,,30-0,30
7,IGF109928,30-Sep,,,,,30-Sep,30_Sep
8,IGF109929,May-45,,,,,May-45,May_45
9,IGF109930,Jul-45,,,,,Jul-45,Jul_45
10,IGF109931,Mar-47,,,,,Mar-47,Mar_47
11,IGF109932,May-47,,,,,May-47,May_47
0,IGF107252,MS527,710,,,,MS527,MS527
1,IGF107253,MS411,710,,,,MS411,MS411
2,IGF107254,MS513,710,,,,MS513,MS513
3,IGF107255,MS586,710,,,,MS586,MS586
4,IGF107259,MS558,710,,,,MS558,MS558
5,IGF107260,MS461,711,,,,MS461,MS461
6,IGF107261,MS430,711,,,,MS430,MS430
7,IGF107262,C36,711,,,,C36,C36
8,IGF107263,C48,711,,,,C48,C48
9,IGF107264,C54,712,,,,C54,C54
10,IGF107266,PDC40,711,,,,PDC40,PDC40
11,IGF107267,PD040,711,,,,PD040,PD040
12,IGF107269,PD658,712,,,,PD658,PD658
13,IGF107270,PD738,712,,,,PD738,PD738
14,IGF107271,PD855,712,,,,PD855,PD855
0,IGF105930,PD1085Microglia,i708,,,,PD1085Microglia,PD1085Microglia
1,IGF105931,PD1086Microglia,i708,,,,PD1086Microglia,PD1086Microglia
0,IGF105267,CellsVeh_1,SI-GA-A9,,,,CellsVeh_1,CellsVeh
4,IGF105268,CellsLPS_1,SI-GA-A10,,,,CellsLPS_1,CellsLPS
8,IGF105269,NucVeh_1,SI-GA-A11,,,,NucVeh_1,NucVeh
12,IGF105270,NucLPS_1,SI-GA-A12,,,,NucLPS_1,NucLPS
0,IGF109215,PD332_1,SI-GA-E2,,,,PD332_1,PD332
4,IGF109216,PD566_1,SI-GA-E8,,,,PD566_1,PD566
8,IGF109217,PD706_1,SI-GA-E12,,,,PD706_1,PD706
12,IGF109218,PD060_1,SI-GA-G8,,,,PD060_1,PD060
16,IGF109219,PD163_1,SI-GA-H3,,,,PD163_1,PD163
20,IGF109220,PD115_1,SI-GA-G11,,,,PD115_1,PD115
24,IGF109221,PD294_1,SI-GA-G12,,,,PD294_1,PD294
28,IGF109222,PD341_1,SI-GA-E3,,,,PD341_1,PD341
32,IGF109223,PD366_1,SI-GA-E6,,,,PD366_1,PD366
36,IGF109224,PD415_1,SI-GA-F1,,,,PD415_1,PD415
40,IGF109225,PD563_1,SI-GA-E11,,,,PD563_1,PD563
44,IGF109226,PD678_1,SI-GA-G10,,,,PD678_1,PD678
48,IGF109227,PD501_1,SI-GA-H4,,,,PD501_1,PD501
52,IGF109228,PD531_1,SI-GA-H1,,,,PD531_1,PD531
56,IGF109229,PD732_1,SI-GA-E4,,,,PD732_1,PD732
60,IGF109230,PD413_1,SI-GA-E10,,,,PD413_1,PD413
64,IGF109231,PD416_1,SI-GA-E7,,,,PD416_1,PD416
68,IGF109232,PD523_1,SI-GA-F2,,,,PD523_1,PD523
72,IGF109233,PD747_1,SI-GA-F3,,,,PD747_1,PD747
76,IGF109234,PD666_1,SI-GA-G9,,,,PD666_1,PD666
80,IGF109235,PD683_1,SI-GA-H5,,,,PD683_1,PD683
84,IGF109236,PDC05_1,SI-GA-E1,,,,PDC05_1,PDC05
88,IGF109237,PDC22_1,SI-GA-E5,,,,PDC22_1,PDC22
92,IGF109238,PDC34_1,SI-GA-E9,,,,PDC34_1,PDC34
96,IGF109239,PDC87_1,SI-GA-F4,,,,PDC87_1,PDC87
100,IGF109240,PDC91_1,SI-GA-H2,,,,PDC91_1,PDC91
104,IGF109241,C36_1,SI-GA-B12,,,,C36_1,C36
108,IGF109242,C48_1,SI-GA-B7,,,,C48_1,C48
0,IGF124263,BBN006-30165-FC,S712,PFC,,,BBN006-30165-FC,BBN006_30165
1,IGF124266,BBN006-34151-MTEMP,S775,MTEMP,,,BBN006-34151-MTEMP,BBN006_34151
2,IGF124268,BBN002-35951-FC,S706,PFC,,,BBN002-35951-FC,BBN002_35951
3,IGF124271,BBN002-26278-MTEMP,S791,MTEMP,,,BBN002-26278-MTEMP,BBN002_26278
4,IGF124272,BBN001-35182-MTEMP,S726,MTEMP,,,BBN001-35182-MTEMP,BBN001_35182
5,IGF124273,BBN006-30889-FC,S767,PFC,,,BBN006-30889-FC,BBN006_30889
6,IGF124274,BBN006-35453-MTEMP,S738,MTEMP,,,BBN006-35453-MTEMP,BBN006_35453
7,IGF124275,S15-016-ITG,S766,ITG,,,S15-016-ITG,S15_016
8,IGF124276,BBN-20618-FC,S711,PFC,,,BBN-20618-FC,BBN_20618
9,IGF124277,BBN006-30165-MTEMP,S759,MTEMP,,,BBN006-30165-MTEMP,BBN006_30165
10,IGF124279,BBN002-36130-MTEMP,S784,MTEMP,,,BBN002-36130-MTEMP,BBN002_36130
1,IGF124264,BBN-20618-MTEMP,S786,MTEMP,,,BBN-20618-MTEMP,BBN_20618
2,IGF124265,BBN006-30889-MTEMP,S743,MTEMP,,,BBN006-30889-MTEMP,BBN006_30889
4,IGF124267,BBN006-35513-MTEMP,S750,MTEMP,,,BBN006-35513-MTEMP,BBN006_35513
6,IGF124269,BBN002-36130-FC,S724,PFC,,,BBN002-36130-FC,BBN002_36130
7,IGF124270,BBN-9984-MTEMP,S790,MTEMP,,,BBN-9984-MTEMP,BBN_9984
15,IGF124278,BBN002-35951-MTEMP,S721,MTEMP,,,BBN002-35951-MTEMP,BBN002_35951
0,IGF123493,BBN-20618-MTEMP,S762,MTEMP,,,BBN-20618-MTEMP,BBN_20618
1,IGF123494,S17-109-ITG,S713,ITG,,,S17-109-ITG,S17_109
2,IGF123495,S15-016-ITG,S736,ITG,,,S15-016-ITG,S15_016
3,IGF123496,BBN002-36130-FC,S709,PFC,,,BBN002-36130-FC,BBN002_36130
4,IGF123497,BBN-9984-FC,S732,PFC,,,BBN-9984-FC,BBN_9984
5,IGF123498,BBN-18407-MTEMP,S774,MTEMP,,,BBN-18407-MTEMP,BBN_18407
6,IGF123499,S17-016-ITG,S747,ITG,,,S17-016-ITG,S17_016
7,IGF123500,BBN002-32628-MTEMP,S794,MTEMP,,,BBN002-32628-MTEMP,BBN002_32628
8,IGF123501,BBN002-35951-FC,S729,PFC,,,BBN002-35951-FC,BBN002_35951
9,IGF123502,BBN-22612-FC,S777,PFC,,,BBN-22612-FC,BBN_22612
10,IGF123503,BBN002-32844-FC,S772,PFC,,,BBN002-32844-FC,BBN002_32844
11,IGF123504,BBN006-36102-MTEMP,S725,MTEMP,,,BBN006-36102-MTEMP,BBN006_36102
12,IGF123505,BBN-9984-MTEMP,S755,MTEMP,,,BBN-9984-MTEMP,BBN_9984
13,IGF123506,S17-093-ITG,S760,ITG,,,S17-093-ITG,S17_093
14,IGF123507,BBN002-28858-FC,S716,PFC,,,BBN002-28858-FC,BBN002_28858
15,IGF123508,BBN001-35182-MTEMP,S708,MTEMP,,,BBN001-35182-MTEMP,BBN001_35182
16,IGF123509,BBN-22612-MTEMP,S702,MTEMP,,,BBN-22612-MTEMP,BBN_22612
17,IGF123510,BBN-9980-MTEMP,S796,MTEMP,,,BBN-9980-MTEMP,BBN_9980
18,IGF123511,BBN006-30165-MTEMP,S757,MTEMP,,,BBN006-30165-MTEMP,BBN006_30165
19,IGF123512,S18-123-ITG,S783,ITG,,,S18-123-ITG,S18_123
20,IGF123513,S15-033-ITG,S722,ITG,,,S15-033-ITG,S15_033
21,IGF123514,BBN001-35182-FC,S710,PFC,,,BBN001-35182-FC,BBN001_35182
22,IGF123515,BBN006-30889-MTEMP,S770,MTEMP,,,BBN006-30889-MTEMP,BBN006_30889
23,IGF123516,BBN-9980-FC,S734,PFC,,,BBN-9980-FC,BBN_9980
24,IGF123517,BBN002-26278-FC,S763,PFC,,,BBN002-26278-FC,BBN002_26278
25,IGF123518,BBN-18407-FC,S797,PFC,,,BBN-18407-FC,BBN_18407
26,IGF123519,BBN006-36107-MTEMP,S735,MTEMP,,,BBN006-36107-MTEMP,BBN006_36107
27,IGF123520,BBN006-35417-MTEMP,S727,MTEMP,,,BBN006-35417-MTEMP,BBN006_35417
28,IGF123521,BBN006-36102-FC,S742,PFC,,,BBN006-36102-FC,BBN006_36102
29,IGF123522,BBN006-35513-FC,S795,PFC,,,BBN006-35513-FC,BBN006_35513
30,IGF123523,S17-005-ITG,S749,ITG,,,S17-005-ITG,S17_005
31,IGF123524,BBN006-35417-FC,S773,PFC,,,BBN006-35417-FC,BBN006_35417
32,IGF123525,BBN-24243-MTEMP,S769,MTEMP,,,BBN-24243-MTEMP,BBN_24243
33,IGF123526,BBN006-36107-FC,S752,PFC,,,BBN006-36107-FC,BBN006_36107
34,IGF123527,BBN006-30889-FC,S704,PFC,,,BBN006-30889-FC,BBN006_30889
35,IGF123528,BBN001-30883-FC,S715,PFC,,,BBN001-30883-FC,BBN001_30883
36,IGF123529,BBN002-26278-MTEMP,S753,MTEMP,,,BBN002-26278-MTEMP,BBN002_26278
37,IGF123530,BBN006-35560-FC,S758,PFC,,,BBN006-35560-FC,BBN006_35560
38,IGF123531,S18-112-ITG,S784,ITG,,,S18-112-ITG,S18_112
39,IGF123532,BBN-20593-FC,S714,PFC,,,BBN-20593-FC,BBN_20593
40,IGF123533,BBN006-34151-MTEMP,S771,MTEMP,,,BBN006-34151-MTEMP,BBN006_34151
41,IGF123534,BBN002-32628-FC,S779,PFC,,,BBN002-32628-FC,BBN002_32628
42,IGF123535,BBN006-34151-FC,S788,PFC,,,BBN006-34151-FC,BBN006_34151
43,IGF123536,BBN002-35951-MTEMP,S739,MTEMP,,,BBN002-35951-MTEMP,BBN002_35951
44,IGF123537,S18-030-ITG,S737,ITG,,,S18-030-ITG,S18_030
45,IGF123538,BBN006-36170-FC,S728,PFC,,,BBN006-36170-FC,BBN006_36170
46,IGF123539,BBN-20121-FC,S780,PFC,,,BBN-20121-FC,BBN_20121
47,IGF123540,BBN-2564-FC,S761,PFC,,,BBN-2564-FC,BBN_2564
48,IGF123541,BBN002-36130-MTEMP,S712,MTEMP,,,BBN002-36130-MTEMP,BBN002_36130
49,IGF123542,BBN-24243-FC,S786,PFC,,,BBN-24243-FC,BBN_24243
50,IGF123543,BBN006-35453-MTEMP,S743,MTEMP,,,BBN006-35453-MTEMP,BBN006_35453
51,IGF123544,BBN006-30165-FC,S775,PFC,,,BBN006-30165-FC,BBN006_30165
52,IGF123545,BBN-20618-FC,S750,PFC,,,BBN-20618-FC,BBN_20618
53,IGF123546,BBN006-35513-MTEMP,S706,MTEMP,,,BBN006-35513-MTEMP,BBN006_35513
54,IGF123547,BBN002-32844-MTEMP,S724,MTEMP,,,BBN002-32844-MTEMP,BBN002_32844
55,IGF123548,BBN002-30840-FC,S790,PFC,,,BBN002-30840-FC,BBN002_30840
56,IGF123549,BBN002-28858-MTEMP,S791,MTEMP,,,BBN002-28858-MTEMP,BBN002_28858
57,IGF123550,S15-027-ITG,S726,ITG,,,S15-027-ITG,S15_027
58,IGF123551,BBN006-35453-FC,S767,PFC,,,BBN006-35453-FC,BBN006_35453
59,IGF123552,BBN006-35560-MTEMP,S738,MTEMP,,,BBN006-35560-MTEMP,BBN006_35560
60,IGF123553,BBN002-30840-MTEMP,S766,MTEMP,,,BBN002-30840-MTEMP,BBN002_30840
61,IGF123554,BBN006-36170-MTEMP,S711,MTEMP,,,BBN006-36170-MTEMP,BBN006_36170
62,IGF123555,S18-105-ITG,S759,ITG,,,S18-105-ITG,S18_105
63,IGF123556,S15-074-ITG,S721,ITG,,,S15-074-ITG,S15_074
64,IGF123557,BBN-2414-T5,S723,,,,BBN-2414-T5,BBN_2414_T5
65,IGF123558,BBN-2569-IF-,S707,,,,BBN-2569-IF-,BBN_2569_IF
66,IGF123559,PDC165-CLC5,S745,,,,PDC165-CLC5,PDC165_CLC5
0,IGF124732,BBN-21005-MTG,SI-TT-A11,MTG,RNAseq,,BBN-21005-MTG,BBN_21005
1,IGF124733,BBN-18399-MTG,SI-TT-B4,MTG,RNAseq,,BBN-18399-MTG,BBN_18399
2,IGF124734,BBN002-30035-MTG,SI-TT-B5,MTG,RNAseq,,BBN002-30035-MTG,BBN002_30035
3,IGF124735,BBN-16213-MTG,SI-TT-A10,MTG,RNAseq,,BBN-16213-MTG,BBN_16213
4,IGF124736,BBN002-29089-MTG,SI-TT-B6,MTG,RNAseq,,BBN002-29089-MTG,BBN002_29089
5,IGF124737,BBN002-29170-MTG,SI-TT-B11,MTG,RNAseq,,BBN002-29170-MTG,BBN002_29170
0,IGF124738,BBN-21005-MTGa_1,SI-NA-A9,MTG,ATACseq,,BBN-21005-MTGa_1,BBN_21005a
4,IGF124739,BBN-18399-MTGa_1,SI-NA-B1,MTG,ATACseq,,BBN-18399-MTGa_1,BBN_18399a
8,IGF124740,BBN002-30035-MTGa_1,SI-NA-B3,MTG,ATACseq,,BBN002-30035-MTGa_1,BBN002_30035a
12,IGF124741,BBN-16213-MTGa_1,SI-NA-A8,MTG,ATACseq,,BBN-16213-MTGa_1,BBN_16213a
16,IGF124742,BBN002-29089-MTGa_1,SI-NA-B2,MTG,ATACseq,,BBN002-29089-MTGa_1,BBN002_29089a
20,IGF124743,BBN002-29170-MTGa_1,SI-NA-B4,MTG,ATACseq,,BBN002-29170-MTGa_1,BBN002_29170a
0,IGF122081,20185945-SSC,S762,SSC,,,20185945-SSC,20185945
1,IGF122082,20152915-SSC,S713,SSC,,,20152915-SSC,20152915
2,IGF122083,19960052-SSC,S736,SSC,,,19960052-SSC,19960052
3,IGF122084,P7-09-MTG,S709,MTG,,,P7-09-MTG,P7_09
4,IGF122085,19950136-EC,S732,EC,,,19950136-EC,19950136
5,IGF122086,A138-12-EC,S774,EC,,,A138-12-EC,A138_12
6,IGF122087,20131157-SSC,S747,SSC,,,20131157-SSC,20131157
7,IGF122088,20130871-SSC,S794,SSC,,,20130871-SSC,20130871
8,IGF122089,20030099-EC,S729,EC,,,20030099-EC,20030099
9,IGF122090,20060093-EC,S777,EC,,,20060093-EC,20060093
10,IGF122091,20196919-EC,S772,EC,,,20196919-EC,20196919
11,IGF122092,20060099-SSC,S725,SSC,,,20060099-SSC,20060099
12,IGF122093,DPM13-19-EC,S755,EC,,,DPM13-19-EC,DPM13_19
13,IGF122094,19980098-EC,S760,EC,,,19980098-EC,19980098
14,IGF122095,NP08-166-MTG,S716,MTG,,,NP08-166-MTG,NP08_166
15,IGF122096,19930148-EC,S708,EC,,,19930148-EC,19930148
16,IGF122097,SD030-07-MTG,S702,MTG,,,SD030-07-MTG,SD030_07
17,IGF122098,19910334-EC,S796,EC,,,19910334-EC,19910334
18,IGF122099,20110272-MTG,S757,MTG,,,20110272-MTG,20110272
19,IGF122100,20060093-MTG,S783,MTG,,,20060093-MTG,20060093
20,IGF122101,20130400-SSC,S722,SSC,,,20130400-SSC,20130400
21,IGF122102,P59-03-MTG,S710,MTG,,,P59-03-MTG,P59_03
22,IGF122103,DPM13-19-MTG,S770,MTG,,,DPM13-19-MTG,DPM13_19
23,IGF122104,20100742-EC,S734,EC,,,20100742-EC,20100742
24,IGF122105,20050033-SSC,S763,SSC,,,20050033-SSC,20050033
25,IGF122106,20130400-EC,S797,EC,,,20130400-EC,20130400
26,IGF122107,20030099-MTG,S735,MTG,,,20030099-MTG,20030099
27,IGF122108,20131157-EC,S727,EC,,,20131157-EC,20131157
28,IGF122109,20152915-MTG,S742,MTG,,,20152915-MTG,20152915
29,IGF122110,19980098-MTG,S795,MTG,,,19980098-MTG,19980098
30,IGF122111,A013-03-EC,S749,EC,,,A013-03-EC,A013_03
31,IGF122112,19910006-SSC,S773,SSC,,,19910006-SSC,19910006
32,IGF122113,DPM13-42-MTG,S769,MTG,,,DPM13-42-MTG,DPM13_42
33,IGF122114,19960064-EC,S752,EC,,,19960064-EC,19960064
34,IGF122115,20185910-EC,S704,EC,,,20185910-EC,20185910
35,IGF122116,20185945-EC,S715,EC,,,20185945-EC,20185945
36,IGF122117,A153-12-SSC,S753,SSC,,,A153-12-SSC,A153_12
37,IGF122118,A253-12-MTG,S758,MTG,,,A253-12-MTG,A253_12
38,IGF122119,20130400-MTG,S784,MTG,,,20130400-MTG,20130400
39,IGF122120,DPM13-19-SSC,S714,SSC,,,DPM13-19-SSC,DPM13_19
40,IGF122121,20196909-EC,S771,EC,,,20196909-EC,20196909
41,IGF122122,BC454-945-MTG,S779,MTG,,,BC454-945-MTG,BC454_945
42,IGF122123,A163-15-SSC,S788,SSC,,,A163-15-SSC,A163_15
43,IGF122124,19950136-SSC,S739,SSC,,,19950136-SSC,19950136
44,IGF122125,20110272-EC,S737,EC,,,20110272-EC,20110272
45,IGF122126,20141901-EC,S728,EC,,,20141901-EC,20141901
46,IGF122127,20110272-SSC,S780,SSC,,,20110272-SSC,20110272
47,IGF122128,20050102-SSC,S761,SSC,,,20050102-SSC,20050102
48,IGF122129,20129990-EC,S712,EC,,,20129990-EC,20129990
49,IGF122130,DPM13-42-EC,S786,EC,,,DPM13-42-EC,DPM13_42
50,IGF122131,A023-03-SSC,S743,SSC,,,A023-03-SSC,A023_03
51,IGF122132,A301-10-MTG,S775,MTG,,,A301-10-MTG,A301_10
52,IGF122133,20030099-SSC,S750,SSC,,,20030099-SSC,20030099
53,IGF122134,19920077-SSC,S706,SSC,,,19920077-SSC,19920077
54,IGF122135,19920200-EC,S724,EC,,,19920200-EC,19920200
55,IGF122136,19910006-EC,S790,EC,,,19910006-EC,19910006
56,IGF122137,20060099-MTG,S791,MTG,,,20060099-MTG,20060099
57,IGF122138,P3-09-MTG,S726,MTG,,,P3-09-MTG,P3_09
58,IGF122139,20196928-EC,S767,EC,,,20196928-EC,20196928
59,IGF122140,19920035-EC,S738,EC,,,19920035-EC,19920035
60,IGF122141,19960052-MTG,S766,MTG,,,19960052-MTG,19960052
61,IGF122142,19920179-EC,S711,EC,,,19920179-EC,19920179
62,IGF122143,20129990-SSC,S759,SSC,,,20129990-SSC,20129990
63,IGF122144,20050102-MTG,S721,MTG,,,20050102-MTG,20050102
64,IGF122145,A187-96-SSC,S723,SSC,,,A187-96-SSC,A187_96
65,IGF122146,19930222-EC,S707,EC,,,19930222-EC,19930222
66,IGF122147,A163-15-EC,S745,EC,,,A163-15-EC,A163_15
67,IGF122148,20000034-EC,S746,EC,,,20000034-EC,20000034
68,IGF122149,20196928-MTG,S778,MTG,,,20196928-MTG,20196928
69,IGF122150,A153-12-MTG,S781,MTG,,,A153-12-MTG,A153_12
70,IGF122151,19960052-EC,S740,EC,,,19960052-EC,19960052
71,IGF122152,19920035-SSC,S792,SSC,,,19920035-SSC,19920035
72,IGF122153,20150975-EC,S705,EC,,,20150975-EC,20150975
73,IGF122154,20060093-SSC,S701,SSC,,,20060093-SSC,20060093
74,IGF122155,A163-15MTG,S754,MTG,,,A163-15MTG,A163_15
75,IGF122156,DPM13-42-SSC,S798,SSC,,,DPM13-42-SSC,DPM13_42
76,IGF122157,A013-03-MTG,S751,MTG,,,A013-03-MTG,A013_03
77,IGF122158,20130325-EC,S717,EC,,,20130325-EC,20130325
78,IGF122159,20131157-MTG,S765,MTG,,,20131157-MTG,20131157
79,IGF122160,20152915-EC,S793,EC,,,20152915-EC,20152915
80,IGF122161,19930222-SSC,S719,SSC,,,19930222-SSC,19930222
81,IGF122162,A187-96-EC,S744,EC,,,A187-96-EC,A187_96
82,IGF122163,A064-13-EC,S785,EC,,,A064-13-EC,A064_13
83,IGF122164,A253-12-EC,S718,EC,,,A253-12-EC,A253_12
84,IGF122165,A074-05-EC,S748,EC,,,A074-05-EC,A074_05
85,IGF122166,A329-10-SSC,S768,SSC,,,A329-10-SSC,A329_10
86,IGF122167,20196919-SSC,S741,SSC,,,20196919-SSC,20196919
87,IGF122168,20174902-MTG,S720,MTG,,,20174902-MTG,20174902
88,IGF122169,A301-10-EC,S731,EC,,,A301-10-EC,A301_10
89,IGF122170,A248-10-MTG,S789,MTG,,,A248-10-MTG,A248_10
90,IGF122171,19920001-EC,S787,EC,,,19920001-EC,19920001
91,IGF122172,20196928-SSC,S703,SSC,,,20196928-SSC,20196928
92,IGF122173,20196919-MTG,S776,MTG,,,20196919-MTG,20196919
93,IGF122174,A220-11-EC,S782,EC,,,A220-11-EC,A220_11
94,IGF122175,20185935-EC,S730,EC,,,20185935-EC,20185935
95,IGF122176,A166-04-EC,S733,EC,,,A166-04-EC,A166_04
0,IGF122177,20110476-EC,S723,EC,,,20110476-EC,20110476
1,IGF122178,NP12-134-MTG,S707,MTG,,,NP12-134-MTG,NP12_134
2,IGF122179,B509-962-EC,S745,EC,,,B509-962-EC,B509_962
3,IGF122180,A029-04-EC,S746,EC,,,A029-04-EC,A029_04
4,IGF122181,19891053-EC,S778,EC,,,19891053-EC,19891053
5,IGF122182,20150975-SSC,S781,SSC,,,20150975-SSC,20150975
6,IGF122183,20141901-SSC,S740,SSC,,,20141901-SSC,20141901
7,IGF122184,20185945-MTG,S792,MTG,,,20185945-MTG,20185945
8,IGF122185,19950030-EC,S705,EC,,,19950030-EC,19950030
9,IGF122186,A253-12-EC,S701,EC,,,A253-12-EC,A253_12
10,IGF122187,20174902-EC,S754,EC,,,20174902-EC,20174902
11,IGF122188,19960064-MTG,S798,MTG,,,19960064-MTG,19960064
12,IGF122189,A065-02-MTG,S751,MTG,,,A065-02-MTG,A065_02
13,IGF122190,A153-12-EC,S717,EC,,,A153-12-EC,A153_12
14,IGF122191,20150975-MTG,S765,MTG,,,20150975-MTG,20150975
15,IGF122192,A023-02-EC,S793,EC,,,A023-02-EC,A023_02
16,IGF122193,A301-10-SSC,S719,SSC,,,A301-10-SSC,A301_10
17,IGF122194,20174902-SSC,S744,SSC,,,20174902-SSC,20174902
18,IGF122195,19920194-EC,S785,EC,,,19920194-EC,19920194
19,IGF122196,NP11-114-MTG,S718,MTG,,,NP11-114-MTG,NP11_114
20,IGF122197,A354-16-MTG,S748,MTG,,,A354-16-MTG,A354_16
21,IGF122198,A023-02-MTG-,S768,MTG,,,A023-02-MTG-,A023_02
22,IGF122199,A253-12-SSC-,S741,SSC,,,A253-12-SSC-,A253_12
23,IGF122200,20050102-EC,S720,EC,,,20050102-EC,20050102
24,IGF122201,A248-10-SSC,S731,SSC,,,A248-10-SSC,A248_10
25,IGF122202,A065-02-EC,S789,EC,,,A065-02-EC,A065_02
26,IGF122203,20110476-SSC,S787,SSC,,,20110476-SSC,20110476
27,IGF122204,20050033-EC,S703,EC,,,20050033-EC,20050033
28,IGF122205,19891015-EC,S776,EC,,,19891015-EC,19891015
29,IGF122206,P19-06-MTG,S782,MTG,,,P19-06-MTG,P19_06
30,IGF122207,NP16-088-MTG,S730,MTG,,,NP16-088-MTG,NP16_088
31,IGF122208,19960064-MTG-2,S733,MTG,,,19960064-MTG-2,19960064
32,IGF122209,20196909-SSC,S762,SSC,,,20196909-SSC,20196909
33,IGF122210,20185910-SSC,S713,SSC,,,20185910-SSC,20185910
34,IGF122211,20000034-MTG,S736,MTG,,,20000034-MTG,20000034
35,IGF122212,A048-13-SSC,S709,SSC,,,A048-13-SSC,A048_13
36,IGF122213,NP12-098-MTG,S732,MTG,,,NP12-098-MTG,NP12_098
37,IGF122214,NP14-128-MTG,S774,MTG,,,NP14-128-MTG,NP14_128
38,IGF122215,BC454-945-SSC,S747,SSC,,,BC454-945-SSC,BC454_945
39,IGF122216,20110477-SSC-2,S794,SSC,,,20110477-SSC-2,20110477
40,IGF122217,A319-11-EC,S729,EC,,,A319-11-EC,A319_11
41,IGF122218,19910318-EC,S777,EC,,,19910318-EC,19910318
42,IGF122219,20150712-EC,S772,EC,,,20150712-EC,20150712
43,IGF122220,20141901-MTG,S725,MTG,,,20141901-MTG,20141901
44,IGF122221,A048-13-MTG,S755,MTG,,,A048-13-MTG,A048_13
45,IGF122222,A065-02-MTG-2,S760,MTG,,,A065-02-MTG-2,A065_02
46,IGF122223,20050033-MTG-,S716,MTG,,,20050033-MTG-,20050033
47,IGF122224,BC454-945-EC,S708,EC,,,BC454-945-EC,BC454_945
48,IGF122225,19950136-MTG,S702,MTG,,,19950136-MTG,19950136
49,IGF122226,19980098-SSC,S796,SSC,,,19980098-SSC,19980098
50,IGF122227,DPM16-44-EC,S757,EC,,,DPM16-44-EC,DPM16_44
51,IGF122228,A210-05-EC,S783,EC,,,A210-05-EC,A210_05
52,IGF122229,19920077-EC,S722,EC,,,19920077-EC,19920077
53,IGF122230,20110477-SSC,S710,SSC,,,20110477-SSC,20110477
54,IGF122231,A187-96-MTG,S770,MTG,,,A187-96-MTG,A187_96
55,IGF122232,A048-13-EC,S734,EC,,,A048-13-EC,A048_13
56,IGF122233,19930154-SSC,S763,SSC,,,19930154-SSC,19930154
57,IGF122234,A029-04-SSC,S797,SSC,,,A029-04-SSC,A029_04
58,IGF122235,A329-10-EC,S735,EC,,,A329-10-EC,A329_10
59,IGF122236,A029-04-MTG,S727,MTG,,,A029-04-MTG,A029_04
60,IGF122237,20060099-EC,S742,EC,,,20060099-EC,20060099
61,IGF122238,19930154-EC,S795,EC,,,19930154-EC,19930154
62,IGF122239,A248-10-EC,S749,EC,,,A248-10-EC,A248_10
63,IGF122240,A329-10-MTG,S773,MTG,,,A329-10-MTG,A329_10
64,IGF122241,20110476-MTG,S769,MTG,,,20110476-MTG,20110476
65,IGF122242,20110137-SSC,S752,SSC,,,20110137-SSC,20110137
66,IGF122243,20185935-SSC,S704,SSC,,,20185935-SSC,20185935
67,IGF122244,19910334-SSC,S715,SSC,,,19910334-SSC,19910334
68,IGF122245,20150712-SSC,S753,SSC,,,20150712-SSC,20150712
69,IGF122246,A013-03-SSC,S758,SSC,,,A013-03-SSC,A013_03
70,IGF122247,C101-FC,S784,PFC,,,C101-FC,C101
71,IGF122248,CO83-FC,S714,PFC,,,CO83-FC,CO83
72,IGF122249,PDC50-FC,S771,PFC,,,PDC50-FC,PDC50
73,IGF122250,PDC98-FC,S779,PFC,,,PDC98-FC,PDC98
74,IGF122251,PDC29-FC,S788,PFC,,,PDC29-FC,PDC29
75,IGF122252,PDC91-FC,S739,PFC,,,PDC91-FC,PDC91
76,IGF122253,PD1116-FC,S737,PFC,,,PD1116-FC,PD1116
77,IGF122254,PD574-FC,S728,PFC,,,PD574-FC,PD574
78,IGF122255,C084-FC,S780,PFC,,,C084-FC,C084
79,IGF122256,C085-FC,S761,PFC,,,C085-FC,C085
0,IGF120767,19960064-SSC_1,SI-GA-A1,SSC,,,19960064-SSC_1,19960064
4,IGF120768,A319-11-MTG_1,SI-GA-H8,MTG,,,A319-11-MTG_1,A319_11
8,IGF120769,19960064-MTG_1,SI-GA-H9,MTG,,,19960064-MTG_1,19960064
12,IGF120770,A166-04-MTG_1,SI-GA-G10,MTG,,,A166-04-MTG_1,A166_04
16,IGF120771,19920179-EC_1,SI-GA-B5,EC,,,19920179-EC_1,19920179
20,IGF120772,19891053-EC_1,SI-GA-B6,EC,,,19891053-EC_1,19891053
24,IGF120773,20110137-MTG_1,SI-GA-C4,MTG,,,20110137-MTG_1,20110137
28,IGF120774,DPM16-44-MTG_1,SI-GA-B9,MTG,,,DPM16-44-MTG_1,DPM16_44
32,IGF120775,19891015-MTG_1,SI-GA-H11,MTG,,,19891015-MTG_1,19891015
36,IGF120776,19920179-MTG_1,SI-GA-H1,MTG,,,19920179-MTG_1,19920179
40,IGF120777,19920194-MTG_1,SI-GA-G5,MTG,,,19920194-MTG_1,19920194
44,IGF120778,A138-12-MTG_1,SI-GA-G6,MTG,,,A138-12-MTG_1,A138_12
48,IGF120779,A064-1-MTG_1,SI-GA-G4,MTG,,,A064-1-MTG_1,A064_1
52,IGF120780,A074-05-SSC_1,SI-GA-G2,SSC,,,A074-05-SSC_1,A074_05
56,IGF120781,P23-07-MTG_1,SI-GA-G3,MTG,,,P23-07-MTG_1,P23_07
60,IGF120782,19920001-SSC_1,SI-GA-F9,SSC,,,19920001-SSC_1,19920001
64,IGF120783,A220-11-MTG_1,SI-GA-F10,MTG,,,A220-11-MTG_1,A220_11
68,IGF120784,A013-03-SSC_1,SI-GA-F7,SSC,,,A013-03-SSC_1,A013_03
72,IGF120785,A210-05-SSC_1,SI-GA-F8,SSC,,,A210-05-SSC_1,A210_05
76,IGF120786,19920194-SSC_1,SI-GA-F5,SSC,,,19920194-SSC_1,19920194
80,IGF120787,19950030-MTG_1,SI-GA-F6,MTG,,,19950030-MTG_1,19950030
84,IGF120788,19910318-SSC_1,SI-GA-C10,SSC,,,19910318-SSC_1,19910318
88,IGF120789,A064-13-SSC_1,SI-GA-E7,SSC,,,A064-13-SSC_1,A064_13
92,IGF120790,20130325-SSC_1,SI-GA-E5,SSC,,,20130325-SSC_1,20130325
96,IGF120791,19891053-SSC_1,SI-GA-D11,SSC,,,19891053-SSC_1,19891053
100,IGF120792,19950030-SSC_1,SI-GA-B12,SSC,,,19950030-SSC_1,19950030
104,IGF120793,NP13-012-MTG_1,SI-GA-C2,MTG,,,NP13-012-MTG_1,NP13_012
108,IGF120794,NP12-162-MTG_1,SI-GA-B10,MTG,,,NP12-162-MTG_1,NP12_162
112,IGF120795,19891015-SSC_1,SI-GA-B8,SSC,,,19891015-SSC_1,19891015
0,IGF128391,BBN006-34151-FC,SI-TT-E4,PFC,RNAseq,,BBN006-34151-FC,BBN006_34151
1,IGF128392,BBN006-35453-FC,SI-TT-E5,PFC,RNAseq,,BBN006-35453-FC,BBN006_35453
2,IGF128393,BBN006-36107-FC,SI-TT-E6,PFC,RNAseq,,BBN006-36107-FC,BBN006_36107
3,IGF128394,BBN-20618-FC,SI-TT-E8,PFC,RNAseq,,BBN-20618-FC,BBN_20618
4,IGF128395,BBN002-32844-FC,SI-TT-E9,PFC,RNAseq,,BBN002-32844-FC,BBN002_32844
5,IGF128396,BBN006-35513-FC,SI-TT-E10,PFC,RNAseq,,BBN006-35513-FC,BBN006_35513
6,IGF128397,BBN002-35951-FC,SI-TT-F3,PFC,RNAseq,,BBN002-35951-FC,BBN002_35951
7,IGF128398,BBN006-35417-EC,SI-TT-F6,EC,RNAseq,,BBN006-35417-EC,BBN006_35417
8,IGF128399,BBN002-28858-FC,SI-TT-F7,PFC,RNAseq,,BBN002-28858-FC,BBN002_28858
9,IGF128400,BBN-9984-FC,SI-TT-F8,PFC,RNAseq,,BBN-9984-FC,BBN_9984
10,IGF128401,BBN002-36130-FC,SI-TT-G3,PFC,RNAseq,,BBN002-36130-FC,BBN002_36130
11,IGF128402,BBN001-30883-FC,SI-TT-G5,PFC,RNAseq,,BBN001-30883-FC,BBN001_30883
12,IGF128403,BBN006-30889-FC,SI-TT-F9,PFC,RNAseq,,BBN006-30889-FC,BBN006_30889
13,IGF128404,BBN002-30480-FC,SI-TT-F10,PFC,RNAseq,,BBN002-30480-FC,BBN002_30480
14,IGF128405,BBN002-26278-FC,SI-TT-F11,PFC,RNAseq,,BBN002-26278-FC,BBN002_26278
15,IGF128406,BBN006-36102-FC,SI-TT-F12,PFC,RNAseq,,BBN006-36102-FC,BBN006_36102
16,IGF128407,BBN006-36170-FC,SI-TT-G1,PFC,RNAseq,,BBN006-36170-FC,BBN006_36170
17,IGF128408,BBN001-35182-FC,SI-TT-G2,PFC,RNAseq,,BBN001-35182-FC,BBN001_35182
18,IGF128409,BBN006-30165-FC,SI-TT-G7,PFC,RNAseq,,BBN006-30165-FC,BBN006_30165
19,IGF128410,BBN006-35560-FC,SI-TT-H3,PFC,RNAseq,,BBN006-35560-FC,BBN006_35560
20,IGF128411,BBN-20593-FC,SI-TT-G9,PFC,RNAseq,,BBN-20593-FC,BBN_20593
21,IGF128412,BBN002-36130-EC,SI-TT-G10,EC,RNAseq,,BBN002-36130-EC,BBN002_36130
22,IGF128413,BBN006-35417-FC,SI-TT-G12,PFC,RNAseq,,BBN006-35417-FC,BBN006_35417
23,IGF128414,BBN002-32628-FC,SI-TT-H1,PFC,RNAseq,,BBN002-32628-FC,BBN002_32628
24,IGF128415,BBN-9984-EC,SI-TT-H2,EC,RNAseq,,BBN-9984-EC,BBN_9984
25,IGF128416,BBN-20618-EC,SI-TT-H4,EC,RNAseq,,BBN-20618-EC,BBN_20618
26,IGF128417,BBN-22621-FC,SI-TT-H5,PFC,RNAseq,,BBN-22621-FC,BBN_22621
27,IGF128418,RSMG12-4,SI-TT-H10,,RNAseq,,RSMG12-4,RSMG12
28,IGF128419,BBN-7617-MTG-ENR,SI-TT-H11,MTG,RNAseq,GEN,BBN-7617-MTG-ENR,BBN_7617
0,IGF128420,BBN006-34151-FC_1,SI-NA-D9,PFC,ATACseq,,BBN006-34151-FC_1,BBN006_34151
4,IGF128421,BBN006-35453-FC_1,SI-NA-D10,PFC,ATACseq,,BBN006-35453-FC_1,BBN006_35453
8,IGF128422,BBN006-36107-FC_1,SI-NA-D11,PFC,ATACseq,,BBN006-36107-FC_1,BBN006_36107
12,IGF128423,BBN-20618-FC_1,SI-NA-D12,PFC,ATACseq,,BBN-20618-FC_1,BBN_20618
16,IGF128424,BBN002-32844-FC_1,SI-NA-E1,PFC,ATACseq,,BBN002-32844-FC_1,BBN002_32844
20,IGF128425,BBN006-35513-FC_1,SI-NA-E2,PFC,ATACseq,,BBN006-35513-FC_1,BBN006_35513
24,IGF128427,BBN006-35417-EC_1,SI-NA-E6,EC,ATACseq,,BBN006-35417-EC_1,BBN006_35417
28,IGF128428,BBN002-28858-FC_1,SI-NA-E7,PFC,ATACseq,,BBN002-28858-FC_1,BBN002_28858
32,IGF128429,BBN-9984-FC_1,SI-NA-E8,PFC,ATACseq,,BBN-9984-FC_1,BBN_9984
36,IGF128430,BBN002-36130-FC_1,SI-NA-E9,PFC,ATACseq,,BBN002-36130-FC_1,BBN002_36130
40,IGF128431,BBN001-30883-FC_1,SI-NA-E11,PFC,ATACseq,,BBN001-30883-FC_1,BBN001_30883
44,IGF128432,BBN006-30889-FC_1,SI-NA-E12,PFC,ATACseq,,BBN006-30889-FC_1,BBN006_30889
48,IGF128433,BBN002-30480-FC_1,SI-NA-F1,PFC,ATACseq,,BBN002-30480-FC_1,BBN002_30480
52,IGF128434,BBN002-26278-FC_1,SI-NA-F2,PFC,ATACseq,,BBN002-26278-FC_1,BBN002_26278
56,IGF128435,BBN006-36102-FC_1,SI-NA-F3,PFC,ATACseq,,BBN006-36102-FC_1,BBN006_36102
60,IGF128436,BBN006-36170-FC_1,SI-NA-F4,PFC,ATACseq,,BBN006-36170-FC_1,BBN006_36170
64,IGF128437,BBN001-35182-FC_1,SI-NA-F5,PFC,ATACseq,,BBN001-35182-FC_1,BBN001_35182
68,IGF128438,BBN006-30165-FC_1,SI-NA-F6,PFC,ATACseq,,BBN006-30165-FC_1,BBN006_30165
72,IGF128439,BBN006-35560-FC_1,SI-NA-F7,PFC,ATACseq,,BBN006-35560-FC_1,BBN006_35560
76,IGF128440,BBN-20593-FC_1,SI-NA-F8,PFC,ATACseq,,BBN-20593-FC_1,BBN_20593
80,IGF128441,BBN002-36130-EC_1,SI-NA-F9,EC,ATACseq,,BBN002-36130-EC_1,BBN002_36130
84,IGF128442,BBN006-35417-FC_1,SI-NA-F11,PFC,ATACseq,,BBN006-35417-FC_1,BBN006_35417
88,IGF128443,BBN002-32628-FC_1,SI-NA-F12,PFC,ATACseq,,BBN002-32628-FC_1,BBN002_32628
92,IGF128444,BBN-9984-EC_1,SI-NA-G1,EC,ATACseq,,BBN-9984-EC_1,BBN_9984
96,IGF128445,BBN-20618-EC_1,SI-NA-G2,EC,ATACseq,,BBN-20618-EC_1,BBN_20618
100,IGF128446,BBN-22621-FC_1,SI-NA-G3,PFC,ATACseq,,BBN-22621-FC_1,BBN_22621
24,IGF128426,BBN002-35951-FC_1,SI-NA-E3,PFC,ATACseq,,BBN002-35951-FC_1,BBN002_35951
0,IGF128058,BBN-7540-SSC-NEG,SI-TT-D10,SSC,RNAseq,GEN,BBN-7540-SSC-NEG,BBN_7540
1,IGF128059,BBN003-32205-SSC-NEG,SI-TT-E2,SSC,RNAseq,GEN,BBN003-32205-SSC-NEG,BBN003_32205
2,IGF128060,BBN-24330-MTG-NEG,SI-TT-E1,MTG,RNAseq,GEN,BBN-24330-MTG-NEG,BBN_24330
3,IGF128061,BBN003-32185-MTG-NEG,SI-TT-E7,MTG,RNAseq,GEN,BBN003-32185-MTG-NEG,BBN003_32185
4,IGF128062,BBN003-32212-MTG-NEG,SI-TT-E8,MTG,RNAseq,GEN,BBN003-32212-MTG-NEG,BBN003_32212
5,IGF128064,BBN003-32196-MTG-NEG,SI-TT-F2,MTG,RNAseq,GEN,BBN003-32196-MTG-NEG,BBN003_32196
6,IGF128065,BBN-9786-MTG-NEG,SI-TT-F3,MTG,RNAseq,GEN,BBN-9786-MTG-NEG,BBN_9786
7,IGF128066,BBN004-29828-MTG-NEG,SI-TT-F4,MTG,RNAseq,GEN,BBN004-29828-MTG-NEG,BBN004_29828
8,IGF128067,BBN-24659-MTG-NEG,SI-TT-F5,MTG,RNAseq,GEN,BBN-24659-MTG-NEG,BBN_24659
9,IGF128068,BBN003-32235-MTG-NEG,SI-TT-F6,MTG,RNAseq,GEN,BBN003-32235-MTG-NEG,BBN003_32235
10,IGF128069,BBN-7519-MTG-NEG,SI-TT-F8,MTG,RNAseq,GEN,BBN-7519-MTG-NEG,BBN_7519
11,IGF128070,BBN003-32205-MTG-NEG,SI-TT-F10,MTG,RNAseq,GEN,BBN003-32205-MTG-NEG,BBN003_32205
12,IGF128071,BBN-11449-MTG-NEG,SI-TT-G1,MTG,RNAseq,GEN,BBN-11449-MTG-NEG,BBN_11449
13,IGF128072,BBN003-32227-MTG-NEG,SI-TT-G2,MTG,RNAseq,GEN,BBN003-32227-MTG-NEG,BBN003_32227
14,IGF128073,BBN003-32228-MTG-NEG,SI-TT-G3,MTG,RNAseq,GEN,BBN003-32228-MTG-NEG,BBN003_32228
15,IGF128074,BBN003-33729-MTG-NEG,SI-TT-G4,MTG,RNAseq,GEN,BBN003-33729-MTG-NEG,BBN003_33729
16,IGF128075,BBN004-29074-MTG-NEG,SI-TT-E5,MTG,RNAseq,GEN,BBN004-29074-MTG-NEG,BBN004_29074
17,IGF128076,BBN-9796-MTG-NEG,SI-TT-F11,MTG,RNAseq,GEN,BBN-9796-MTG-NEG,BBN_9796
18,IGF128077,BBN003-32212-SSC-NEG,SI-TT-F12,SSC,RNAseq,GEN,BBN003-32212-SSC-NEG,BBN003_32212
19,IGF128078,BBN-18813-SSC-NEG,SI-TT-F1,SSC,RNAseq,GEN,BBN-18813-SSC-NEG,BBN_18813
20,IGF128079,BBN-10611-SSC-NEG,SI-TT-F7,SSC,RNAseq,GEN,BBN-10611-SSC-NEG,BBN_10611
21,IGF128080,BBN9727-MTG-NEG,SI-TT-F9,MTG,RNAseq,GEN,BBN9727-MTG-NEG,BBN9727
22,IGF128081,BBN-7554-MTG-NEG,SI-TT-G5,MTG,RNAseq,GEN,BBN-7554-MTG-NEG,BBN_7554
23,IGF128082,BBN002-29170-SSC-NEG,SI-TT-G6,SSC,RNAseq,GEN,BBN002-29170-SSC-NEG,BBN002_29170
24,IGF128083,BBN002-26094-MTG-NEG,SI-TT-G7,MTG,RNAseq,GEN,BBN002-26094-MTG-NEG,BBN002_26094
25,IGF128084,BBN-24370-MTG-NEG,SI-TT-G8,MTG,RNAseq,GEN,BBN-24370-MTG-NEG,BBN_24370
26,IGF128085,BBN-24330-SSC-NEG,SI-TT-H6,SSC,RNAseq,GEN,BBN-24330-SSC-NEG,BBN_24330
27,IGF128086,BBN-24330-SSC-UNS,SI-TT-H7,SSC,RNAseq,UNS,BBN-24330-SSC-UNS,BBN_24330
28,IGF128087,BBN002-26094-SSC-NEG,SI-TT-H8,SSC,RNAseq,GEN,BBN002-26094-SSC-NEG,BBN002_26094
29,IGF128088,BBN-9939-MTG-NEG,SI-TT-H9,MTG,RNAseq,GEN,BBN-9939-MTG-NEG,BBN_9939
0,IGF119496,RSMG2-3,S794,,,,RSMG2-3,RSMG2
1,IGF119504,RSMG3-1,S708,,,,RSMG3-1,RSMG3
2,IGF119537,RSMG9-2,S712,,,,RSMG9-2,RSMG9
3,IGF119541,RSMG9-3,S750,,,,RSMG9-3,RSMG9
4,IGF119575,RSMG14-5,S741,,,,RSMG14-5,RSMG14
5,IGF119512,RSMG4-5,S734,,,,RSMG4-5,RSMG4
0,IGF127325,DSP-1001660011791-E-A01,,,,,DSP-1001660011791-E-A01,DSP_1001660011791_E_A01
1,IGF127326,DSP-1001660011791-E-A02,,,,,DSP-1001660011791-E-A02,DSP_1001660011791_E_A02
2,IGF127328,DSP-1001660011791-E-A04,,,,,DSP-1001660011791-E-A04,DSP_1001660011791_E_A04
3,IGF127329,DSP-1001660011791-E-A05,,,,,DSP-1001660011791-E-A05,DSP_1001660011791_E_A05
4,IGF127330,DSP-1001660011791-E-A06,,,,,DSP-1001660011791-E-A06,DSP_1001660011791_E_A06
5,IGF127331,DSP-1001660011791-E-A07,,,,,DSP-1001660011791-E-A07,DSP_1001660011791_E_A07
6,IGF127332,DSP-1001660011791-E-A08,,,,,DSP-1001660011791-E-A08,DSP_1001660011791_E_A08
7,IGF127333,DSP-1001660011791-E-A09,,,,,DSP-1001660011791-E-A09,DSP_1001660011791_E_A09
8,IGF127334,DSP-1001660011791-E-A10,,,,,DSP-1001660011791-E-A10,DSP_1001660011791_E_A10
9,IGF127335,DSP-1001660011791-E-A11,,,,,DSP-1001660011791-E-A11,DSP_1001660011791_E_A11
10,IGF127337,DSP-1001660011791-E-B01,,,,,DSP-1001660011791-E-B01,DSP_1001660011791_E_B01
11,IGF127338,DSP-1001660011791-E-B02,,,,,DSP-1001660011791-E-B02,DSP_1001660011791_E_B02
12,IGF127339,DSP-1001660011791-E-B03,,,,,DSP-1001660011791-E-B03,DSP_1001660011791_E_B03
13,IGF127340,DSP-1001660011791-E-B04,,,,,DSP-1001660011791-E-B04,DSP_1001660011791_E_B04
14,IGF127341,DSP-1001660011791-E-B05,,,,,DSP-1001660011791-E-B05,DSP_1001660011791_E_B05
15,IGF127342,DSP-1001660011791-E-B06,,,,,DSP-1001660011791-E-B06,DSP_1001660011791_E_B06
16,IGF127343,DSP-1001660011791-E-B07,,,,,DSP-1001660011791-E-B07,DSP_1001660011791_E_B07
17,IGF127344,DSP-1001660011791-E-B08,,,,,DSP-1001660011791-E-B08,DSP_1001660011791_E_B08
18,IGF127345,DSP-1001660011791-E-B09,,,,,DSP-1001660011791-E-B09,DSP_1001660011791_E_B09
19,IGF127346,DSP-1001660011791-E-B10,,,,,DSP-1001660011791-E-B10,DSP_1001660011791_E_B10
20,IGF127347,DSP-1001660011791-E-B11,,,,,DSP-1001660011791-E-B11,DSP_1001660011791_E_B11
21,IGF127348,DSP-1001660011791-E-B12,,,,,DSP-1001660011791-E-B12,DSP_1001660011791_E_B12
22,IGF127349,DSP-1001660011791-E-C01,,,,,DSP-1001660011791-E-C01,DSP_1001660011791_E_C01
23,IGF127350,DSP-1001660011791-E-C02,,,,,DSP-1001660011791-E-C02,DSP_1001660011791_E_C02
24,IGF127351,DSP-1001660011791-E-C03,,,,,DSP-1001660011791-E-C03,DSP_1001660011791_E_C03
25,IGF127352,DSP-1001660011791-E-C04,,,,,DSP-1001660011791-E-C04,DSP_1001660011791_E_C04
26,IGF127353,DSP-1001660011791-E-C05,,,,,DSP-1001660011791-E-C05,DSP_1001660011791_E_C05
27,IGF127354,DSP-1001660011791-E-C06,,,,,DSP-1001660011791-E-C06,DSP_1001660011791_E_C06
28,IGF127355,DSP-1001660011791-E-C07,,,,,DSP-1001660011791-E-C07,DSP_1001660011791_E_C07
29,IGF127356,DSP-1001660011791-E-C08,,,,,DSP-1001660011791-E-C08,DSP_1001660011791_E_C08
30,IGF127357,DSP-1001660011791-E-C09,,,,,DSP-1001660011791-E-C09,DSP_1001660011791_E_C09
31,IGF127358,DSP-1001660011791-E-C10,,,,,DSP-1001660011791-E-C10,DSP_1001660011791_E_C10
32,IGF127359,DSP-1001660011791-E-C11,,,,,DSP-1001660011791-E-C11,DSP_1001660011791_E_C11
33,IGF127360,DSP-1001660011791-E-C12,,,,,DSP-1001660011791-E-C12,DSP_1001660011791_E_C12
34,IGF127361,DSP-1001660011791-E-D01,,,,,DSP-1001660011791-E-D01,DSP_1001660011791_E_D01
35,IGF127362,DSP-1001660011791-E-D02,,,,,DSP-1001660011791-E-D02,DSP_1001660011791_E_D02
36,IGF127363,DSP-1001660011791-E-D03,,,,,DSP-1001660011791-E-D03,DSP_1001660011791_E_D03
37,IGF127364,DSP-1001660011791-E-D04,,,,,DSP-1001660011791-E-D04,DSP_1001660011791_E_D04
38,IGF127365,DSP-1001660011791-E-D05,,,,,DSP-1001660011791-E-D05,DSP_1001660011791_E_D05
39,IGF127366,DSP-1001660011791-E-D06,,,,,DSP-1001660011791-E-D06,DSP_1001660011791_E_D06
40,IGF127367,DSP-1001660011791-E-D07,,,,,DSP-1001660011791-E-D07,DSP_1001660011791_E_D07
41,IGF127368,DSP-1001660011791-E-D08,,,,,DSP-1001660011791-E-D08,DSP_1001660011791_E_D08
42,IGF127369,DSP-1001660011791-E-D09,,,,,DSP-1001660011791-E-D09,DSP_1001660011791_E_D09
43,IGF127370,DSP-1001660011791-E-D10,,,,,DSP-1001660011791-E-D10,DSP_1001660011791_E_D10
44,IGF127371,DSP-1001660011791-E-D11,,,,,DSP-1001660011791-E-D11,DSP_1001660011791_E_D11
45,IGF127372,DSP-1001660011791-E-D12,,,,,DSP-1001660011791-E-D12,DSP_1001660011791_E_D12
46,IGF127373,DSP-1001660011791-E-E01,,,,,DSP-1001660011791-E-E01,DSP_1001660011791_E_E01
47,IGF127374,DSP-1001660011791-E-E02,,,,,DSP-1001660011791-E-E02,DSP_1001660011791_E_E02
48,IGF127375,DSP-1001660011791-E-E03,,,,,DSP-1001660011791-E-E03,DSP_1001660011791_E_E03
49,IGF127376,DSP-1001660011791-E-E04,,,,,DSP-1001660011791-E-E04,DSP_1001660011791_E_E04
50,IGF127377,DSP-1001660011791-E-E05,,,,,DSP-1001660011791-E-E05,DSP_1001660011791_E_E05
51,IGF127378,DSP-1001660011791-E-E06,,,,,DSP-1001660011791-E-E06,DSP_1001660011791_E_E06
52,IGF127379,DSP-1001660011791-E-E07,,,,,DSP-1001660011791-E-E07,DSP_1001660011791_E_E07
53,IGF127380,DSP-1001660011791-E-E08,,,,,DSP-1001660011791-E-E08,DSP_1001660011791_E_E08
54,IGF127381,DSP-1001660011791-E-E09,,,,,DSP-1001660011791-E-E09,DSP_1001660011791_E_E09
55,IGF127382,DSP-1001660011791-E-E10,,,,,DSP-1001660011791-E-E10,DSP_1001660011791_E_E10
56,IGF127383,DSP-1001660011791-E-E11,,,,,DSP-1001660011791-E-E11,DSP_1001660011791_E_E11
57,IGF127384,DSP-1001660011791-E-E12,,,,,DSP-1001660011791-E-E12,DSP_1001660011791_E_E12
58,IGF127385,DSP-1001660011791-E-F01,,,,,DSP-1001660011791-E-F01,DSP_1001660011791_E_F01
59,IGF127386,DSP-1001660011791-E-F02,,,,,DSP-1001660011791-E-F02,DSP_1001660011791_E_F02
60,IGF127387,DSP-1001660011791-E-F03,,,,,DSP-1001660011791-E-F03,DSP_1001660011791_E_F03
61,IGF127388,DSP-1001660011791-E-F04,,,,,DSP-1001660011791-E-F04,DSP_1001660011791_E_F04
62,IGF127389,DSP-1001660011791-E-F05,,,,,DSP-1001660011791-E-F05,DSP_1001660011791_E_F05
63,IGF127390,DSP-1001660011791-E-F06,,,,,DSP-1001660011791-E-F06,DSP_1001660011791_E_F06
64,IGF127391,DSP-1001660011791-E-F07,,,,,DSP-1001660011791-E-F07,DSP_1001660011791_E_F07
65,IGF127392,DSP-1001660011791-E-F08,,,,,DSP-1001660011791-E-F08,DSP_1001660011791_E_F08
66,IGF127393,DSP-1001660011791-E-F09,,,,,DSP-1001660011791-E-F09,DSP_1001660011791_E_F09
67,IGF127394,DSP-1001660011791-E-F10,,,,,DSP-1001660011791-E-F10,DSP_1001660011791_E_F10
68,IGF127395,DSP-1001660011791-E-F11,,,,,DSP-1001660011791-E-F11,DSP_1001660011791_E_F11
69,IGF127396,DSP-1001660011791-E-F12,,,,,DSP-1001660011791-E-F12,DSP_1001660011791_E_F12
70,IGF127397,DSP-1001660011791-E-G01,,,,,DSP-1001660011791-E-G01,DSP_1001660011791_E_G01
71,IGF127398,DSP-1001660011791-E-G02,,,,,DSP-1001660011791-E-G02,DSP_1001660011791_E_G02
72,IGF127399,DSP-1001660011791-E-G03,,,,,DSP-1001660011791-E-G03,DSP_1001660011791_E_G03
73,IGF127400,DSP-1001660011791-E-G04,,,,,DSP-1001660011791-E-G04,DSP_1001660011791_E_G04
74,IGF127401,DSP-1001660011791-E-G05,,,,,DSP-1001660011791-E-G05,DSP_1001660011791_E_G05
75,IGF127402,DSP-1001660011791-E-G06,,,,,DSP-1001660011791-E-G06,DSP_1001660011791_E_G06
76,IGF127403,DSP-1001660011791-E-G07,,,,,DSP-1001660011791-E-G07,DSP_1001660011791_E_G07
77,IGF127404,DSP-1001660011791-E-G08,,,,,DSP-1001660011791-E-G08,DSP_1001660011791_E_G08
78,IGF127405,DSP-1001660011791-E-G09,,,,,DSP-1001660011791-E-G09,DSP_1001660011791_E_G09
79,IGF127406,DSP-1001660011791-E-G10,,,,,DSP-1001660011791-E-G10,DSP_1001660011791_E_G10
80,IGF127407,DSP-1001660011791-E-G11,,,,,DSP-1001660011791-E-G11,DSP_1001660011791_E_G11
81,IGF127408,DSP-1001660011791-E-G12,,,,,DSP-1001660011791-E-G12,DSP_1001660011791_E_G12
82,IGF127409,DSP-1001660011791-E-H01,,,,,DSP-1001660011791-E-H01,DSP_1001660011791_E_H01
83,IGF127410,DSP-1001660011791-E-H02,,,,,DSP-1001660011791-E-H02,DSP_1001660011791_E_H02
84,IGF127411,DSP-1001660011791-E-H03,,,,,DSP-1001660011791-E-H03,DSP_1001660011791_E_H03
85,IGF127412,DSP-1001660011791-E-H04,,,,,DSP-1001660011791-E-H04,DSP_1001660011791_E_H04
86,IGF127413,DSP-1001660011791-E-H05,,,,,DSP-1001660011791-E-H05,DSP_1001660011791_E_H05
87,IGF127414,DSP-1001660011791-E-H06,,,,,DSP-1001660011791-E-H06,DSP_1001660011791_E_H06
88,IGF127415,DSP-1001660011791-E-H07,,,,,DSP-1001660011791-E-H07,DSP_1001660011791_E_H07
89,IGF127416,DSP-1001660011791-E-H08,,,,,DSP-1001660011791-E-H08,DSP_1001660011791_E_H08
90,IGF127417,DSP-1001660011791-E-H09,,,,,DSP-1001660011791-E-H09,DSP_1001660011791_E_H09
91,IGF127418,DSP-1001660011791-E-H10,,,,,DSP-1001660011791-E-H10,DSP_1001660011791_E_H10
92,IGF127419,DSP-1001660011791-E-H11,,,,,DSP-1001660011791-E-H11,DSP_1001660011791_E_H11
93,IGF127420,DSP-1001660011791-E-H12,,,,,DSP-1001660011791-E-H12,DSP_1001660011791_E_H12
94,IGF127421,DSP-1001660011570-C-A01,,,,,DSP-1001660011570-C-A01,DSP_1001660011570_C_A01
95,IGF127422,DSP-1001660011570-C-A02,,,,,DSP-1001660011570-C-A02,DSP_1001660011570_C_A02
96,IGF127423,DSP-1001660011570-C-A03,,,,,DSP-1001660011570-C-A03,DSP_1001660011570_C_A03
97,IGF127424,DSP-1001660011570-C-A04,,,,,DSP-1001660011570-C-A04,DSP_1001660011570_C_A04
98,IGF127425,DSP-1001660011570-C-A05,,,,,DSP-1001660011570-C-A05,DSP_1001660011570_C_A05
99,IGF127426,DSP-1001660011570-C-A06,,,,,DSP-1001660011570-C-A06,DSP_1001660011570_C_A06
100,IGF127427,DSP-1001660011570-C-A07,,,,,DSP-1001660011570-C-A07,DSP_1001660011570_C_A07
101,IGF127428,DSP-1001660011570-C-A08,,,,,DSP-1001660011570-C-A08,DSP_1001660011570_C_A08
102,IGF127429,DSP-1001660011570-C-A09,,,,,DSP-1001660011570-C-A09,DSP_1001660011570_C_A09
103,IGF127430,DSP-1001660011570-C-A10,,,,,DSP-1001660011570-C-A10,DSP_1001660011570_C_A10
104,IGF127431,DSP-1001660011570-C-A11,,,,,DSP-1001660011570-C-A11,DSP_1001660011570_C_A11
105,IGF127432,DSP-1001660011570-C-A12,,,,,DSP-1001660011570-C-A12,DSP_1001660011570_C_A12
106,IGF127433,DSP-1001660011570-C-B01,,,,,DSP-1001660011570-C-B01,DSP_1001660011570_C_B01
107,IGF127434,DSP-1001660011570-C-B02,,,,,DSP-1001660011570-C-B02,DSP_1001660011570_C_B02
108,IGF127435,DSP-1001660011570-C-B03,,,,,DSP-1001660011570-C-B03,DSP_1001660011570_C_B03
109,IGF127436,DSP-1001660011570-C-B04,,,,,DSP-1001660011570-C-B04,DSP_1001660011570_C_B04
110,IGF127437,DSP-1001660011570-C-B05,,,,,DSP-1001660011570-C-B05,DSP_1001660011570_C_B05
111,IGF127438,DSP-1001660011570-C-B06,,,,,DSP-1001660011570-C-B06,DSP_1001660011570_C_B06
112,IGF127439,DSP-1001660011570-C-B07,,,,,DSP-1001660011570-C-B07,DSP_1001660011570_C_B07
113,IGF127440,DSP-1001660011570-C-B08,,,,,DSP-1001660011570-C-B08,DSP_1001660011570_C_B08
114,IGF127441,DSP-1001660011570-C-B09,,,,,DSP-1001660011570-C-B09,DSP_1001660011570_C_B09
115,IGF127442,DSP-1001660011570-C-B10,,,,,DSP-1001660011570-C-B10,DSP_1001660011570_C_B10
116,IGF127443,DSP-1001660011570-C-B11,,,,,DSP-1001660011570-C-B11,DSP_1001660011570_C_B11
117,IGF127444,DSP-1001660011570-C-B12,,,,,DSP-1001660011570-C-B12,DSP_1001660011570_C_B12
118,IGF127445,DSP-1001660011570-C-C01,,,,,DSP-1001660011570-C-C01,DSP_1001660011570_C_C01
119,IGF127446,DSP-1001660011570-C-C02,,,,,DSP-1001660011570-C-C02,DSP_1001660011570_C_C02
120,IGF127447,DSP-1001660011570-C-C03,,,,,DSP-1001660011570-C-C03,DSP_1001660011570_C_C03
121,IGF127448,DSP-1001660011570-C-C04,,,,,DSP-1001660011570-C-C04,DSP_1001660011570_C_C04
122,IGF127449,DSP-1001660011570-C-C05,,,,,DSP-1001660011570-C-C05,DSP_1001660011570_C_C05
123,IGF127450,DSP-1001660011570-C-C06,,,,,DSP-1001660011570-C-C06,DSP_1001660011570_C_C06
124,IGF127451,DSP-1001660011570-C-C07,,,,,DSP-1001660011570-C-C07,DSP_1001660011570_C_C07
125,IGF127452,DSP-1001660011570-C-C08,,,,,DSP-1001660011570-C-C08,DSP_1001660011570_C_C08
126,IGF127453,DSP-1001660011570-C-C09,,,,,DSP-1001660011570-C-C09,DSP_1001660011570_C_C09
127,IGF127454,DSP-1001660011570-C-C10,,,,,DSP-1001660011570-C-C10,DSP_1001660011570_C_C10
128,IGF127455,DSP-1001660011570-C-C11,,,,,DSP-1001660011570-C-C11,DSP_1001660011570_C_C11
129,IGF127456,DSP-1001660011570-C-C12,,,,,DSP-1001660011570-C-C12,DSP_1001660011570_C_C12
130,IGF127457,DSP-1001660011570-C-D01,,,,,DSP-1001660011570-C-D01,DSP_1001660011570_C_D01
131,IGF127458,DSP-1001660011570-C-D02,,,,,DSP-1001660011570-C-D02,DSP_1001660011570_C_D02
132,IGF127459,DSP-1001660011570-C-D03,,,,,DSP-1001660011570-C-D03,DSP_1001660011570_C_D03
133,IGF127460,DSP-1001660011570-C-D04,,,,,DSP-1001660011570-C-D04,DSP_1001660011570_C_D04
134,IGF127461,DSP-1001660011570-C-D05,,,,,DSP-1001660011570-C-D05,DSP_1001660011570_C_D05
135,IGF127462,DSP-1001660011570-C-D06,,,,,DSP-1001660011570-C-D06,DSP_1001660011570_C_D06
136,IGF127463,DSP-1001660011570-C-D07,,,,,DSP-1001660011570-C-D07,DSP_1001660011570_C_D07
137,IGF127464,DSP-1001660011570-C-D08,,,,,DSP-1001660011570-C-D08,DSP_1001660011570_C_D08
138,IGF127465,DSP-1001660011570-C-D09,,,,,DSP-1001660011570-C-D09,DSP_1001660011570_C_D09
139,IGF127466,DSP-1001660011570-C-D10,,,,,DSP-1001660011570-C-D10,DSP_1001660011570_C_D10
140,IGF127467,DSP-1001660011570-C-D11,,,,,DSP-1001660011570-C-D11,DSP_1001660011570_C_D11
141,IGF127468,DSP-1001660011570-C-D12,,,,,DSP-1001660011570-C-D12,DSP_1001660011570_C_D12
142,IGF127469,DSP-1001660011570-C-E01,,,,,DSP-1001660011570-C-E01,DSP_1001660011570_C_E01
143,IGF127470,DSP-1001660011570-C-E02,,,,,DSP-1001660011570-C-E02,DSP_1001660011570_C_E02
144,IGF127471,DSP-1001660011570-C-E03,,,,,DSP-1001660011570-C-E03,DSP_1001660011570_C_E03
145,IGF127472,DSP-1001660011570-C-E04,,,,,DSP-1001660011570-C-E04,DSP_1001660011570_C_E04
146,IGF127473,DSP-1001660011570-C-E05,,,,,DSP-1001660011570-C-E05,DSP_1001660011570_C_E05
147,IGF127474,DSP-1001660011570-C-E06,,,,,DSP-1001660011570-C-E06,DSP_1001660011570_C_E06
148,IGF127475,DSP-1001660011570-C-E07,,,,,DSP-1001660011570-C-E07,DSP_1001660011570_C_E07
149,IGF127476,DSP-1001660011570-C-E08,,,,,DSP-1001660011570-C-E08,DSP_1001660011570_C_E08
0,IGF124025,BBN003-32185-SSC-ENR,SI-TT-H10,SSC,RNAseq,GEN,BBN003-32185-SSC-ENR,BBN003_32185
1,IGF124026,BBN003-32185-SSC-UNS,SI-TT-H9,SSC,RNAseq,UNS,BBN003-32185-SSC-UNS,BBN003_32185
2,IGF124027,BBN003-34161-MTG-UNS,SI-TT-H11,MTG,RNAseq,UNS,BBN003-34161-MTG-UNS,BBN003_34161
3,IGF124028,BBN003-34161-MTG-ENR,SI-TT-H12,MTG,RNAseq,GEN,BBN003-34161-MTG-ENR,BBN003_34161
4,IGF124029,BBN003-32295-SSC-UNS,SI-TT-G5,SSC,RNAseq,UNS,BBN003-32295-SSC-UNS,BBN003_32295
5,IGF124030,BBN003-32295-SSC-ENR,SI-TT-G6,SSC,RNAseq,GEN,BBN003-32295-SSC-ENR,BBN003_32295
6,IGF124031,BBN003-28342-MTG-UNS,SI-TT-G7,MTG,RNAseq,UNS,BBN003-28342-MTG-UNS,BBN003_28342
7,IGF124032,BBN003-28342-MTG-ENR,SI-TT-G8,MTG,RNAseq,GEN,BBN003-28342-MTG-ENR,BBN003_28342
8,IGF124033,BBN-7403-MTG-UNS,SI-TT-G10,MTG,RNAseq,UNS,BBN-7403-MTG-UNS,BBN_7403
9,IGF124034,BBN-7403-MTG-ENR,SI-TT-G9,MTG,RNAseq,GEN,BBN-7403-MTG-ENR,BBN_7403
10,IGF124035,BBN003-26941-SSC-ENR,SI-TT-G11,SSC,RNAseq,GEN,BBN003-26941-SSC-ENR,BBN003_26941
11,IGF124036,BBN003-26941-SSC-UNS,SI-TT-G12,SSC,RNAseq,UNS,BBN003-26941-SSC-UNS,BBN003_26941
12,IGF124037,BBN003-32228-SSC-UNS,SI-TT-H1,SSC,RNAseq,UNS,BBN003-32228-SSC-UNS,BBN003_32228
13,IGF124038,BBN003-32228-SSC-ENR,SI-TT-H2,SSC,RNAseq,GEN,BBN003-32228-SSC-ENR,BBN003_32228
14,IGF124039,BBN-24279-MTG-UNS,SI-TT-H3,MTG,RNAseq,UNS,BBN-24279-MTG-UNS,BBN_24279
15,IGF124040,BBN-24279-MTG-ENR,SI-TT-H4,MTG,RNAseq,GEN,BBN-24279-MTG-ENR,BBN_24279
16,IGF124041,BBN-7545-SSC-UNS,SI-TT-H5,SSC,RNAseq,UNS,BBN-7545-SSC-UNS,BBN_7545
17,IGF124042,BBN-7545-SSC-ENR,SI-TT-H6,SSC,RNAseq,GEN,BBN-7545-SSC-ENR,BBN_7545
18,IGF124043,BBN003-32196-SSC-UNS,SI-TT-A3,SSC,RNAseq,UNS,BBN003-32196-SSC-UNS,BBN003_32196
19,IGF124044,BBN003-32196-SSC-ENR,SI-TT-A4,SSC,RNAseq,GEN,BBN003-32196-SSC-ENR,BBN003_32196
20,IGF124045,BBN-7404-MTG-UNS,SI-TT-A1,MTG,RNAseq,UNS,BBN-7404-MTG-UNS,BBN_7404
21,IGF124046,BBN-7404-MTG-ENR,SI-TT-A2,MTG,RNAseq,GEN,BBN-7404-MTG-ENR,BBN_7404
22,IGF124047,BBN003-32201-SSC-UNS,SI-TT-A5,SSC,RNAseq,UNS,BBN003-32201-SSC-UNS,BBN003_32201
23,IGF124048,BBN003-32201-SSC-ENR,SI-TT-A6,SSC,RNAseq,GEN,BBN003-32201-SSC-ENR,BBN003_32201
24,IGF124049,BBN003-32235-SSC-UNS,SI-TT-A7,SSC,RNAseq,UNS,BBN003-32235-SSC-UNS,BBN003_32235
25,IGF124050,BBN003-32235-SSC-ENR,SI-TT-A8,SSC,RNAseq,GEN,BBN003-32235-SSC-ENR,BBN003_32235
26,IGF124051,BBN003-32295-MTG-ENR,SI-TT-A10,MTG,RNAseq,GEN,BBN003-32295-MTG-ENR,BBN003_32295
27,IGF124052,BBN003-32295-MTG-UNS,SI-TT-A9,MTG,RNAseq,UNS,BBN003-32295-MTG-UNS,BBN003_32295
28,IGF124053,BBN003-26333-SSC-UNS,SI-TT-A11,SSC,RNAseq,UNS,BBN003-26333-SSC-UNS,BBN003_26333
29,IGF124054,BBN003-26333-SSC-ENR,SI-TT-A12,SSC,RNAseq,GEN,BBN003-26333-SSC-ENR,BBN003_26333
30,IGF124055,BBN003-28342-SSC-ENR,SI-TT-B2,SSC,RNAseq,GEN,BBN003-28342-SSC-ENR,BBN003_28342
31,IGF124056,BBN003-28342-SSC-UNS,SI-TT-B1,SSC,RNAseq,UNS,BBN003-28342-SSC-UNS,BBN003_28342
32,IGF124057,BBN-7545-MTG-UNS,SI-TT-B4,MTG,RNAseq,UNS,BBN-7545-MTG-UNS,BBN_7545
33,IGF124058,BBN-7545-MTG-ENR,SI-TT-B5,MTG,RNAseq,GEN,BBN-7545-MTG-ENR,BBN_7545
34,IGF124059,BBN-24279-SSC-UNS-,SI-TT-B6,SSC,RNAseq,UNS,BBN-24279-SSC-UNS-,BBN_24279
35,IGF124060,BBN-24279-SSC-ENR,SI-TT-B7,SSC,RNAseq,GEN,BBN-24279-SSC-ENR,BBN_24279
36,IGF124061,BBN-7115-MTG-UNS,SI-TT-B8,MTG,RNAseq,UNS,BBN-7115-MTG-UNS,BBN_7115
37,IGF124062,BBN-7115-MTG-ENR-,SI-TT-B9,MTG,RNAseq,GEN,BBN-7115-MTG-ENR-,BBN_7115
38,IGF124063,BBN-14801-SSC-UNS,SI-TT-B10,SSC,RNAseq,UNS,BBN-14801-SSC-UNS,BBN_14801
39,IGF124064,BBN-14801-SSC-ENR,SI-TT-B11,SSC,RNAseq,GEN,BBN-14801-SSC-ENR,BBN_14801
40,IGF124065,BBN-7115-SSC-UNS,SI-TT-C5,SSC,RNAseq,UNS,BBN-7115-SSC-UNS,BBN_7115
41,IGF124066,BBN-7115-SSC-ENR,SI-TT-C6,SSC,RNAseq,GEN,BBN-7115-SSC-ENR,BBN_7115
42,IGF124067,BBN-7404-SSC-UNS,SI-TT-C4,SSC,RNAseq,UNS,BBN-7404-SSC-UNS,BBN_7404
43,IGF124068,BBN-7404-SSC-ENR,SI-TT-C7,SSC,RNAseq,GEN,BBN-7404-SSC-ENR,BBN_7404
44,IGF124069,BBN-14801-MTG-UNS,SI-TT-C8,MTG,RNAseq,UNS,BBN-14801-MTG-UNS,BBN_14801
45,IGF124070,BBN-14801-MTG-ENR,SI-TT-C9,MTG,RNAseq,GEN,BBN-14801-MTG-ENR,BBN_14801
46,IGF124071,BBN-19214-MTG-UNS,SI-TT-D2,MTG,RNAseq,UNS,BBN-19214-MTG-UNS,BBN_19214
47,IGF124072,BBN-19214-MTG-ENR,SI-TT-D3,MTG,RNAseq,GEN,BBN-19214-MTG-ENR,BBN_19214
48,IGF124073,BBN-7403-SSC-UNS,SI-TT-C10,SSC,RNAseq,UNS,BBN-7403-SSC-UNS,BBN_7403
49,IGF124074,BBN-7403-SSC-ENR,SI-TT-C11,SSC,RNAseq,GEN,BBN-7403-SSC-ENR,BBN_7403
50,IGF124075,BBN003-33729-SSC-UNS,SI-TT-C12,SSC,RNAseq,UNS,BBN003-33729-SSC-UNS,BBN003_33729
51,IGF124076,BBN003-33729-SSC-ENR,SI-TT-D1,SSC,RNAseq,GEN,BBN003-33729-SSC-ENR,BBN003_33729
52,IGF124077,BBN003-26951-SSC-UNS,SI-TT-D4,SSC,RNAseq,UNS,BBN003-26951-SSC-UNS,BBN003_26951
53,IGF124078,BBN003-26951--SSC-ENR,SI-TT-D5,SSC,RNAseq,GEN,BBN003-26951--SSC-ENR,BBN003_26951
54,IGF124079,BBN-19214-SSC-UNS,SI-TT-E1,SSC,RNAseq,UNS,BBN-19214-SSC-UNS,BBN_19214
55,IGF124080,BBN-19214-SSC-ENR,SI-TT-E2,SSC,RNAseq,GEN,BBN-19214-SSC-ENR,BBN_19214
56,IGF124081,BBN003-32849-SSC-UNS,SI-TT-E3,SSC,RNAseq,UNS,BBN003-32849-SSC-UNS,BBN003_32849
57,IGF124082,BBN003-32849-SSC-ENR,SI-TT-E4,SSC,RNAseq,GEN,BBN003-32849-SSC-ENR,BBN003_32849
58,IGF124083,BBN-7617-SSC-UNS,SI-TT-E5,SSC,RNAseq,UNS,BBN-7617-SSC-UNS,BBN_7617
59,IGF124084,BBN-7617-SSC-ENR,SI-TT-E6,SSC,RNAseq,GEN,BBN-7617-SSC-ENR,BBN_7617
60,IGF124085,BBN003-34161-SSC-UNS,SI-TT-E7,SSC,RNAseq,UNS,BBN003-34161-SSC-UNS,BBN003_34161
61,IGF124086,BBN003-34161-SSC-ENR,SI-TT-E8,SSC,RNAseq,GEN,BBN003-34161-SSC-ENR,BBN003_34161
62,IGF124087,BBN003-26951-MTG-ENR,SI-TT-E10,MTG,RNAseq,GEN,BBN003-26951-MTG-ENR,BBN003_26951
63,IGF124088,BBN003-26951-MTG-UNS,SI-TT-E9,MTG,RNAseq,UNS,BBN003-26951-MTG-UNS,BBN003_26951
0,IGF125056,BBN-9980-MTG_1,SI-NA-B5,MTG,ATACseq,,BBN-9980-MTG_1,BBN_9980
4,IGF125057,BBN006-36107-MTG_1,SI-NA-B6,MTG,ATACseq,,BBN006-36107-MTG_1,BBN006_36107
8,IGF125058,BBN-9984-MTG_1,SI-NA-B10,MTG,ATACseq,,BBN-9984-MTG_1,BBN_9984
12,IGF125059,BBN006-36170-MTG_1,SI-NA-B11,MTG,ATACseq,,BBN006-36170-MTG_1,BBN006_36170
16,IGF125060,BBN-2564-FC_1,SI-NA-B12,PFC,ATACseq,,BBN-2564-FC_1,BBN_2564
20,IGF125061,BBN-20121-FC_1,SI-NA-C3,PFC,ATACseq,,BBN-20121-FC_1,BBN_20121
24,IGF125062,BBN-9980-FC_1,SI-NA-C4,PFC,ATACseq,,BBN-9980-FC_1,BBN_9980
28,IGF125063,BBN002-30840-MTG_1,SI-NA-C5,MTG,ATACseq,,BBN002-30840-MTG_1,BBN002_30840
32,IGF125064,BBN-18407-FC_1,SI-NA-B7,PFC,ATACseq,,BBN-18407-FC_1,BBN_18407
36,IGF125065,BBN002-35951-FC_1,SI-NA-B8,PFC,ATACseq,,BBN002-35951-FC_1,BBN002_35951
40,IGF125066,BBN-24243-MTGa_1,SI-NA-B9,MTG,ATACseq,,BBN-24243-MTGa_1,BBN_24243a
44,IGF125067,BBN006-35453-MTG_1,SI-NA-C1,MTG,ATACseq,,BBN006-35453-MTG_1,BBN006_35453
48,IGF125068,BBN006-36102-MTG_1,SI-NA-C2,MTG,ATACseq,,BBN006-36102-MTG_1,BBN006_36102
52,IGF125069,BBN-22612-MT_1,SI-NA-C6,,ATACseq,,BBN-22612-MT_1,BBN_22612_MT
56,IGF125070,BBN006-30165-MTG_1,SI-NA-C7,MTG,ATACseq,,BBN006-30165-MTG_1,BBN006_30165
60,IGF125071,BBN002-32844-MTG_1,SI-NA-C8,MTG,ATACseq,,BBN002-32844-MTG_1,BBN002_32844
64,IGF125072,BBN001-35182-MTG_1,SI-NA-C9,MTG,ATACseq,,BBN001-35182-MTG_1,BBN001_35182
68,IGF125073,BBN006-35417-MTG_1,SI-NA-C10,MTG,ATACseq,,BBN006-35417-MTG_1,BBN006_35417
72,IGF125074,BBN002-26278-MTG_1,SI-NA-C11,MTG,ATACseq,,BBN002-26278-MTG_1,BBN002_26278
76,IGF125075,BBN002-36130-MTG_1,SI-NA-C12,MTG,ATACseq,,BBN002-36130-MTG_1,BBN002_36130
80,IGF125076,BBN002-28858-MTG_1,SI-NA-D1,MTG,ATACseq,,BBN002-28858-MTG_1,BBN002_28858
84,IGF125077,BBN-24243-MTG_1,SI-NA-D2,MTG,ATACseq,,BBN-24243-MTG_1,BBN_24243
88,IGF125078,BBN006-35560-MTG_1,SI-NA-D3,MTG,ATACseq,,BBN006-35560-MTG_1,BBN006_35560
92,IGF125079,BBN006-35513-MTG_1,SI-NA-D4,MTG,ATACseq,,BBN006-35513-MTG_1,BBN006_35513
96,IGF125080,BBN-20618-MTG_1,SI-NA-D5,MTG,ATACseq,,BBN-20618-MTG_1,BBN_20618
100,IGF125081,BBN002-32628-MTG_1,SI-NA-D6,MTG,ATACseq,,BBN002-32628-MTG_1,BBN002_32628
104,IGF125082,BBN006-30889-MTG_1,SI-NA-D7,MTG,ATACseq,,BBN006-30889-MTG_1,BBN006_30889
108,IGF125083,BBN006-34151-MTG_1,SI-NA-D8,MTG,ATACseq,,BBN006-34151-MTG_1,BBN006_34151
0,IGF125028,BBN-9980-MTG,SI-TT-B12,MTG,RNAseq,,BBN-9980-MTG,BBN_9980
1,IGF125029,BBN006-36107-MTG,SI-TT-C1,MTG,RNAseq,,BBN006-36107-MTG,BBN006_36107
2,IGF125030,BBN-9984-MTG,SI-TT-C5,MTG,RNAseq,,BBN-9984-MTG,BBN_9984
3,IGF125031,BBN006-36170-MTG,SI-TT-C6,MTG,RNAseq,,BBN006-36170-MTG,BBN006_36170
4,IGF125032,BBN-2564-FC,SI-TT-C7,PFC,RNAseq,,BBN-2564-FC,BBN_2564
5,IGF125033,BBN-20121-FC,SI-TT-C10,PFC,RNAseq,,BBN-20121-FC,BBN_20121
6,IGF125034,BBN-9980-FC,SI-TT-C11,PFC,RNAseq,,BBN-9980-FC,BBN_9980
7,IGF125035,BBN002-30840-MTG,SI-TT-C12,MTG,RNAseq,,BBN002-30840-MTG,BBN002_30840
8,IGF125036,BBN-18407-FC,SI-TT-C2,PFC,RNAseq,,BBN-18407-FC,BBN_18407
9,IGF125037,BBN002-35951-FC,SI-TT-C3,PFC,RNAseq,,BBN002-35951-FC,BBN002_35951
10,IGF125038,BBN-24243-MTGa,SI-TT-C4,MTG,RNAseq,,BBN-24243-MTGa,BBN_24243a
11,IGF125039,BBN006-35453-MTG,SI-TT-C8,MTG,RNAseq,,BBN006-35453-MTG,BBN006_35453
12,IGF125040,BBN006-36102-MTG,SI-TT-C9,MTG,RNAseq,,BBN006-36102-MTG,BBN006_36102
13,IGF125041,BBN-22612-MT,SI-TT-D10,,RNAseq,,BBN-22612-MT,BBN_22612_MT
14,IGF125042,BBN006-30165-MTG,SI-TT-D11,MTG,RNAseq,,BBN006-30165-MTG,BBN006_30165
15,IGF125043,BBN002-32844-MTG,SI-TT-D12,MTG,RNAseq,,BBN002-32844-MTG,BBN002_32844
16,IGF125044,BBN001-35182-MTG,SI-TT-D1,MTG,RNAseq,,BBN001-35182-MTG,BBN001_35182
17,IGF125045,BBN006-35417-MTG,SI-TT-D2,MTG,RNAseq,,BBN006-35417-MTG,BBN006_35417
18,IGF125046,BBN002-26278-MTG,SI-TT-D3,MTG,RNAseq,,BBN002-26278-MTG,BBN002_26278
19,IGF125047,BBN002-36130-MTG,SI-TT-D4,MTG,RNAseq,,BBN002-36130-MTG,BBN002_36130
20,IGF125048,BBN002-28858-MTG,SI-TT-D5,MTG,RNAseq,,BBN002-28858-MTG,BBN002_28858
21,IGF125049,BBN-24243-MTG,SI-TT-D6,MTG,RNAseq,,BBN-24243-MTG,BBN_24243
22,IGF125050,BBN006-35560-MTG,SI-TT-D7,MTG,RNAseq,,BBN006-35560-MTG,BBN006_35560
23,IGF125051,BBN006-35513-MTG,SI-TT-D8,MTG,RNAseq,,BBN006-35513-MTG,BBN006_35513
24,IGF125052,BBN-20618-MTG,SI-TT-E7,MTG,RNAseq,,BBN-20618-MTG,BBN_20618
25,IGF125053,BBN002-32628-MTG,SI-TT-E1,MTG,RNAseq,,BBN002-32628-MTG,BBN002_32628
26,IGF125054,BBN006-30889-MTG,SI-TT-E2,MTG,RNAseq,,BBN006-30889-MTG,BBN006_30889
27,IGF125055,BBN006-34151-MTG,SI-TT-E3,MTG,RNAseq,,BBN006-34151-MTG,BBN006_34151
30,,,,,,,,
0,IGF128089,BBN-9939-MTG-UNS,SI-TT-E12,MTG,RNAseq,UNS,BBN-9939-MTG-UNS,BBN_9939
1,IGF128090,BBN-24610-MTG-NEG,SI-TT-F3,MTG,RNAseq,GEN,BBN-24610-MTG-NEG,BBN_24610
2,IGF128091,BBN-9786-MTG-UNS,SI-TT-F4,MTG,RNAseq,UNS,BBN-9786-MTG-UNS,BBN_9786
3,IGF128092,BBN003-32184-MTG-NEG,SI-TT-F2,MTG,RNAseq,GEN,BBN003-32184-MTG-NEG,BBN003_32184
4,IGF128093,BBN005-29520-SSC-NEG,SI-TT-F5,SSC,RNAseq,GEN,BBN005-29520-SSC-NEG,BBN005_29520
5,IGF128094,BBN-10611MTG-NEG,SI-TT-F6,MTG,RNAseq,GEN,BBN-10611MTG-NEG,BBN_10611
6,IGF128095,BBN-8051-MTG-NEG,SI-TT-F8,MTG,RNAseq,GEN,BBN-8051-MTG-NEG,BBN_8051
7,IGF128096,BBN9727-MTG-UNS,SI-TT-F10,MTG,RNAseq,UNS,BBN9727-MTG-UNS,BBN9727
8,IGF128097,BBN-18399-MTG-NEG,SI-TT-F11,MTG,RNAseq,GEN,BBN-18399-MTG-NEG,BBN_18399
9,IGF128098,BBN9953-MTG-NEG,SI-TT-F12,MTG,RNAseq,GEN,BBN9953-MTG-NEG,BBN9953
10,IGF128099,BBN9779-MTG-NEG,SI-TT-G1,MTG,RNAseq,GEN,BBN9779-MTG-NEG,BBN9779
11,IGF128100,BBN-21792-MTG-NEG,SI-TT-G2,MTG,RNAseq,GEN,BBN-21792-MTG-NEG,BBN_21792
12,IGF128101,BBN-21005-MTG-NEG,SI-TT-G3,MTG,RNAseq,GEN,BBN-21005-MTG-NEG,BBN_21005
13,IGF128102,BBN002-29170-MTG-NEG,SI-TT-G4,MTG,RNAseq,GEN,BBN002-29170-MTG-NEG,BBN002_29170
14,IGF128103,BBN-10099-MTG-NEG,SI-TT-G9,MTG,RNAseq,GEN,BBN-10099-MTG-NEG,BBN_10099
15,IGF128104,BBN002-30035-MTG-NEG,SI-TT-G10,MTG,RNAseq,GEN,BBN002-30035-MTG-NEG,BBN002_30035
16,IGF128105,BBN-16213-MTG-NEG,SI-TT-G11,MTG,RNAseq,GEN,BBN-16213-MTG-NEG,BBN_16213
17,IGF128106,BBN002-29089-MTG-NEG,SI-TT-G12,MTG,RNAseq,GEN,BBN002-29089-MTG-NEG,BBN002_29089
18,IGF128107,BBN-9984-MTG-NEG,SI-TT-H1,MTG,RNAseq,GEN,BBN-9984-MTG-NEG,BBN_9984
19,IGF128108,BBN-24578-MTG-NEG,SI-TT-H2,MTG,RNAseq,GEN,BBN-24578-MTG-NEG,BBN_24578
20,IGF128109,BBN002-30035-SSC-NEG,SI-TT-H3,SSC,RNAseq,GEN,BBN002-30035-SSC-NEG,BBN002_30035
21,IGF128110,BBN-9779-MTR-NEG,SI-TT-H4,,RNAseq,GEN,BBN-9779-MTR-NEG,BBN_9779_MTR
22,IGF128111,BBN-18813-MTG-NEG,SI-TT-H5,MTG,RNAseq,GEN,BBN-18813-MTG-NEG,BBN_18813
23,IGF128113,BBN-21005-SSC-NEG,SI-TT-H11,SSC,RNAseq,GEN,BBN-21005-SSC-NEG,BBN_21005
24,IGF128114,BBN002-30127-MTG-NEG,SI-TT-H12,MTG,RNAseq,GEN,BBN002-30127-MTG-NEG,BBN002_30127
25,IGF128115,QC-S4-0hrs,SI-TT-H6,,RNAseq,,QC-S4-0hrs,QC_S4_0hrs
26,IGF128116,QC-S4-6hrs,SI-TT-H7,,RNAseq,,QC-S4-6hrs,QC_S4_6hrs
27,IGF128117,QC-S4-24hrs,SI-TT-H8,,RNAseq,,QC-S4-24hrs,QC_S4_24hrs
28,IGF128118,QC-S12-0hrs,SI-TT-H9,,RNAseq,,QC-S12-0hrs,QC_S12_0hrs
0,IGF114164,A019-12-EC,,EC,,,A019-12-EC,A019_12
1,IGF114165,A019-12-mTemp,,mTemp,,,A019-12-mTemp,A019_12
2,IGF114166,A019-12-SSC,,SSC,,,A019-12-SSC,A019_12
3,IGF114167,A051-14-EC,,EC,,,A051-14-EC,A051_14
4,IGF114168,A051-14-SSC,,SSC,,,A051-14-SSC,A051_14
5,IGF114169,A051-14-mTemp,,mTemp,,,A051-14-mTemp,A051_14
6,IGF114170,A053-11-SSC,,SSC,,,A053-11-SSC,A053_11
7,IGF114171,A053-11-EC,,EC,,,A053-11-EC,A053_11
8,IGF114172,A053-11-mTemp,,mTemp,,,A053-11-mTemp,A053_11
9,IGF114173,A096-14-EC,,EC,,,A096-14-EC,A096_14
10,IGF114174,A096-14-SSC,,SSC,,,A096-14-SSC,A096_14
11,IGF114175,A096-14-mTemp,,mTemp,,,A096-14-mTemp,A096_14
12,IGF114176,A115-17-SSC,,SSC,,,A115-17-SSC,A115_17
13,IGF114177,A115-17-EC,,EC,,,A115-17-EC,A115_17
14,IGF114178,A115-17-mTemp,,mTemp,,,A115-17-mTemp,A115_17
15,IGF114179,A127-11-EC,,EC,,,A127-11-EC,A127_11
16,IGF114180,A127-11-mTemp,,mTemp,,,A127-11-mTemp,A127_11
17,IGF114181,A127-11-SSC,,SSC,,,A127-11-SSC,A127_11
18,IGF114182,A163-17-EC,,EC,,,A163-17-EC,A163_17
19,IGF114183,A163-17-SSC,,SSC,,,A163-17-SSC,A163_17
20,IGF114184,A163-17-mTemp,,mTemp,,,A163-17-mTemp,A163_17
21,IGF114185,A169-10-EC,,EC,,,A169-10-EC,A169_10
22,IGF114186,A169-10-SSC,,SSC,,,A169-10-SSC,A169_10
23,IGF114187,A170-13-EC,,EC,,,A170-13-EC,A170_13
24,IGF114188,A170-13-SSC,,SSC,,,A170-13-SSC,A170_13
25,IGF114189,A170-13-mTemp,,mTemp,,,A170-13-mTemp,A170_13
26,IGF114190,A272-15-EC,,EC,,,A272-15-EC,A272_15
27,IGF114191,A272-15-SSC,,SSC,,,A272-15-SSC,A272_15
28,IGF114192,A272-15-mTemp,,mTemp,,,A272-15-mTemp,A272_15
29,IGF114193,A277-12-SSC,,SSC,,,A277-12-SSC,A277_12
30,IGF114194,A277-12-mTemp,,mTemp,,,A277-12-mTemp,A277_12
31,IGF114195,A282-14-SSC,,SSC,,,A282-14-SSC,A282_14
32,IGF114196,A282-14-EC,,EC,,,A282-14-EC,A282_14
33,IGF114197,A282-14-mTemp,,mTemp,,,A282-14-mTemp,A282_14
34,IGF114198,A297-16-EC,,EC,,,A297-16-EC,A297_16
35,IGF114199,A297-16-mTemp,,mTemp,,,A297-16-mTemp,A297_16
36,IGF114200,A297-16-SSC,,SSC,,,A297-16-SSC,A297_16
37,IGF114201,A319-11-SSC,,SSC,,,A319-11-SSC,A319_11
38,IGF114202,A319-11-EC,,EC,,,A319-11-EC,A319_11
39,IGF114203,A319-11-mTemp,,mTemp,,,A319-11-mTemp,A319_11
40,IGF114204,A354-16-mtemp,,mtemp,,,A354-16-mtemp,A354_16
41,IGF114205,A354-16-EC,,EC,,,A354-16-EC,A354_16
42,IGF114206,A354-16-SSC,,SSC,,,A354-16-SSC,A354_16
43,IGF114207,A402-14-SSC,,SSC,,,A402-14-SSC,A402_14
44,IGF114208,A402-14-EC,,EC,,,A402-14-EC,A402_14
45,IGF114209,A402-14-mTemp,,mTemp,,,A402-14-mTemp,A402_14
46,IGF114210,PDC016-EC,,EC,,,PDC016-EC,PDC016
47,IGF114211,PDC016-mTemp,,mTemp,,,PDC016-mTemp,PDC016
48,IGF114212,PDC-026-EC,,EC,,,PDC-026-EC,PDC_026
49,IGF114213,PDC-026-SSC,,SSC,,,PDC-026-SSC,PDC_026
50,IGF114214,A277-12-EC,,EC,,,A277-12-EC,A277_12
51,IGF114215,PDC016-SSC,,SSC,,,PDC016-SSC,PDC016
52,IGF114216,PDC-026-mTemp,,mTemp,,,PDC-026-mTemp,PDC_026
0,IGF112633,A127-11SSC_1,SI-GA-A12,SSC,,,A127-11SSC_1,A127_11
4,IGF112634,A053-11SSC_1,SI-GA-B5,SSC,,,A053-11SSC_1,A053_11
8,IGF112635,A282-14SSC_1,SI-GA-B7,SSC,,,A282-14SSC_1,A282_14
12,IGF112636,A127-11EC_1,SI-GA-B9,EC,,,A127-11EC_1,A127_11
16,IGF112637,A282-14EC_1,SI-GA-B11,EC,,,A282-14EC_1,A282_14
20,IGF112638,A096-14SSC_1,SI-GA-C1,SSC,,,A096-14SSC_1,A096_14
24,IGF112639,A163-17SSC_1,SI-GA-C3,SSC,,,A163-17SSC_1,A163_17
28,IGF112640,A096-14EC_1,SI-GA-C5,EC,,,A096-14EC_1,A096_14
32,IGF112641,A163-17EC_1,SI-GA-C7,EC,,,A163-17EC_1,A163_17
36,IGF112642,A402-14SSC_1,SI-GA-C11,SSC,,,A402-14SSC_1,A402_14
40,IGF112643,A169-10SSC_1,SI-GA-C9,SSC,,,A169-10SSC_1,A169_10
44,IGF112644,A053-11EC_1,SI-GA-D1,EC,,,A053-11EC_1,A053_11
48,IGF112645,A402-14EC_1,SI-GA-D5,EC,,,A402-14EC_1,A402_14
52,IGF112646,A169-10EC_1,SI-GA-D6,EC,,,A169-10EC_1,A169_10
56,IGF112647,A297-16SSC_1,SI-GA-D8,SSC,,,A297-16SSC_1,A297_16
60,IGF112648,A297-16EC_1,SI-GA-D10,EC,,,A297-16EC_1,A297_16
64,IGF112649,A319-11EC_1,SI-GA-D12,EC,,,A319-11EC_1,A319_11
68,IGF112650,A277-12SSC_1,SI-GA-E2,SSC,,,A277-12SSC_1,A277_12
72,IGF112651,A277-12EC_1,SI-GA-E4,EC,,,A277-12EC_1,A277_12
76,IGF112652,A319-11SSC_1,SI-GA-E6,SSC,,,A319-11SSC_1,A319_11
80,IGF112653,PDC016EC_1,SI-GA-E8,EC,,,PDC016EC_1,PDC016
84,IGF112654,PDC016SSC_1,SI-GA-E10,SSC,,,PDC016SSC_1,PDC016
88,IGF112655,PDC026EC_1,SI-GA-E12,EC,,,PDC026EC_1,PDC026
92,IGF112656,PDC026SSC_1,SI-GA-F2,SSC,,,PDC026SSC_1,PDC026
0,IGF119585,RSMG15-4,S762,,,,RSMG15-4,RSMG15
1,IGF119586,RSMG16-4,S713,,,,RSMG16-4,RSMG16
2,IGF119587,RSMG16-6,S736,,,,RSMG16-6,RSMG16
3,IGF119588,RSMG16-1,S709,,,,RSMG16-1,RSMG16
4,IGF119589,RSMG16-3,S732,,,,RSMG16-3,RSMG16
5,IGF119590,RSMG16-5,S774,,,,RSMG16-5,RSMG16
6,IGF119591,RSMG16-7,S747,,,,RSMG16-7,RSMG16
7,IGF119592,RSMG17-2,S794,,,,RSMG17-2,RSMG17
8,IGF119593,RSMG17-4,S729,,,,RSMG17-4,RSMG17
9,IGF119594,RSMG17-6,S777,,,,RSMG17-6,RSMG17
10,IGF119595,RSMG17-1,S772,,,,RSMG17-1,RSMG17
11,IGF119596,RSMG17-3,S725,,,,RSMG17-3,RSMG17
12,IGF119597,RSMG17-5,S755,,,,RSMG17-5,RSMG17
13,IGF119598,RSMG17-7,S760,,,,RSMG17-7,RSMG17
1,IGF119538,RSMG9-4,S786,,,,RSMG9-4,RSMG9
2,IGF119539,RSMG9-6,S743,,,,RSMG9-6,RSMG9
3,IGF119540,RSMG9-1,S775,,,,RSMG9-1,RSMG9
5,IGF119542,RSMG9-5,S706,,,,RSMG9-5,RSMG9
6,IGF119543,RSMG9-7,S724,,,,RSMG9-7,RSMG9
7,IGF119544,RSMG10-2,S790,,,,RSMG10-2,RSMG10
8,IGF119545,RSMG10-5,S791,,,,RSMG10-5,RSMG10
9,IGF119546,RSMG10-1,S726,,,,RSMG10-1,RSMG10
10,IGF119547,RSMG10-3,S767,,,,RSMG10-3,RSMG10
11,IGF119548,RSMG10-4,S738,,,,RSMG10-4,RSMG10
12,IGF119549,RSMG10-6,S766,,,,RSMG10-6,RSMG10
13,IGF119550,RSMG11-2,S711,,,,RSMG11-2,RSMG11
14,IGF119551,RSMG11-5,S759,,,,RSMG11-5,RSMG11
15,IGF119552,RSMG11-1,S721,,,,RSMG11-1,RSMG11
16,IGF119553,RSMG11-3,S723,,,,RSMG11-3,RSMG11
17,IGF119554,RSMG11-4,S707,,,,RSMG11-4,RSMG11
18,IGF119555,RSMG11-6,S745,,,,RSMG11-6,RSMG11
19,IGF119556,RSMG12-2,S746,,,,RSMG12-2,RSMG12
20,IGF119557,RSMG12-4,S778,,,,RSMG12-4,RSMG12
21,IGF119558,RSMG13-5,S781,,,,RSMG13-5,RSMG13
22,IGF119559,RSMG12-3,S740,,,,RSMG12-3,RSMG12
23,IGF119560,RSMG12-5,S792,,,,RSMG12-5,RSMG12
0,IGF119489,RSMG1-2,S762,,,,RSMG1-2,RSMG1
1,IGF119490,RSMG1-3,S713,,,,RSMG1-3,RSMG1
2,IGF119491,RSMG1-5,S736,,,,RSMG1-5,RSMG1
3,IGF119494,RSMG1-6,S774,,,,RSMG1-6,RSMG1
4,IGF119495,RSMG2-2,S747,,,,RSMG2-2,RSMG2
6,IGF119497,RSMG2-5,S729,,,,RSMG2-5,RSMG2
7,IGF119498,RSMG2-1,S777,,,,RSMG2-1,RSMG2
8,IGF119499,RSMG2-4,S772,,,,RSMG2-4,RSMG2
9,IGF119500,RSMG2-6,S725,,,,RSMG2-6,RSMG2
10,IGF119501,RSMG3-2,S755,,,,RSMG3-2,RSMG3
11,IGF119502,RSMG3-3,S760,,,,RSMG3-3,RSMG3
12,IGF119503,RSMG3-5,S716,,,,RSMG3-5,RSMG3
14,IGF119505,RSMG3-4,S702,,,,RSMG3-4,RSMG3
15,IGF119506,RSMG3-6,S796,,,,RSMG3-6,RSMG3
16,IGF119507,RSMG4-2,S757,,,,RSMG4-2,RSMG4
17,IGF119508,RSMG4-4,S783,,,,RSMG4-4,RSMG4
18,IGF119509,RSMG4-6,S722,,,,RSMG4-6,RSMG4
19,IGF119510,RSMG4-1,S710,,,,RSMG4-1,RSMG4
21,IGF119513,RSMG4-7,S763,,,,RSMG4-7,RSMG4
22,IGF119514,RSMG5-2,S797,,,,RSMG5-2,RSMG5
23,IGF119515,RSMG5-4,S735,,,,RSMG5-4,RSMG5
24,IGF119516,RSMG5-6,S727,,,,RSMG5-6,RSMG5
25,IGF119517,RSMG5-1,S742,,,,RSMG5-1,RSMG5
26,IGF119518,RSMG5-3,S795,,,,RSMG5-3,RSMG5
27,IGF119519,RSMG5-5,S749,,,,RSMG5-5,RSMG5
28,IGF119520,RSMG5-7,S773,,,,RSMG5-7,RSMG5
29,IGF119521,RSMG6-1,S769,,,,RSMG6-1,RSMG6
30,IGF119522,RSMG6-2,S752,,,,RSMG6-2,RSMG6
31,IGF119523,RSMG6-3,S704,,,,RSMG6-3,RSMG6
32,IGF119524,RSMG6-4,S715,,,,RSMG6-4,RSMG6
33,IGF119525,RSMG7-1,S753,,,,RSMG7-1,RSMG7
34,IGF119526,RSMG7-2,S758,,,,RSMG7-2,RSMG7
35,IGF119527,RSMG7-3,S784,,,,RSMG7-3,RSMG7
36,IGF119528,RSMG7-4,S714,,,,RSMG7-4,RSMG7
37,IGF119529,RSMG7-5,S771,,,,RSMG7-5,RSMG7
38,IGF119530,RSMG7-6,S779,,,,RSMG7-6,RSMG7
39,IGF119531,RSMG7-7,S788,,,,RSMG7-7,RSMG7
40,IGF119532,RSMG8-2,S739,,,,RSMG8-2,RSMG8
41,IGF119533,RSMG8-4,S737,,,,RSMG8-4,RSMG8
42,IGF119534,RSMG8-1,S728,,,,RSMG8-1,RSMG8
43,IGF119535,RSMG8-3,S780,,,,RSMG8-3,RSMG8
44,IGF119536,RSMG8-5,S761,,,,RSMG8-5,RSMG8
10,IGF119579,RSMG15-6,S787,,,,RSMG15-6,RSMG15
11,IGF119584,RSMG16-2,S733,,,,RSMG16-2,RSMG16
3,IGF119492,RSMG1-1,S709,,,,RSMG1-1,RSMG1
4,IGF119493,RSMG1-4,S732,,,,RSMG1-4,RSMG1
22,IGF119511,RSMG4-3,S770,,,,RSMG4-3,RSMG4
0,IGF119561,RSMG12-6,S705,,,,RSMG12-6,RSMG12
1,IGF119562,RSMG12-7,S701,,,,RSMG12-7,RSMG12
2,IGF119563,RSMG12-8,S754,,,,RSMG12-8,RSMG12
3,IGF119564,RSMG13-2,S798,,,,RSMG13-2,RSMG13
4,IGF119565,RSMG13-3,S751,,,,RSMG13-3,RSMG13
5,IGF119566,RSMG12-1,S717,,,,RSMG12-1,RSMG12
6,IGF119567,RSMG13-1,S765,,,,RSMG13-1,RSMG13
7,IGF119568,RSMG13-4,S793,,,,RSMG13-4,RSMG13
8,IGF119569,RSMG13-6,S719,,,,RSMG13-6,RSMG13
9,IGF119570,RSMG14-2,S744,,,,RSMG14-2,RSMG14
10,IGF119571,RSMG14-4,S785,,,,RSMG14-4,RSMG14
11,IGF119572,RSMG14-6,S718,,,,RSMG14-6,RSMG14
12,IGF119573,RSMG14-1,S748,,,,RSMG14-1,RSMG14
13,IGF119574,RSMG14-3,S768,,,,RSMG14-3,RSMG14
15,IGF119576,RSMG14-7,S720,,,,RSMG14-7,RSMG14
16,IGF119577,RSMG14-8,S731,,,,RSMG14-8,RSMG14
17,IGF119578,RSMG15-2,S789,,,,RSMG15-2,RSMG15
19,IGF119580,RSMG15-1,S703,,,,RSMG15-1,RSMG15
20,IGF119581,RSMG15-3,S776,,,,RSMG15-3,RSMG15
21,IGF119582,RSMG15-5,S782,,,,RSMG15-5,RSMG15
22,IGF119583,RSMG15-7,S730,,,,RSMG15-7,RSMG15
0,IGF113055,A127-11-SSC_1,A11,SSC,,,A127-11-SSC_1,A127_11
4,IGF113056,A053-11-SSC_1,B4,SSC,,,A053-11-SSC_1,A053_11
8,IGF113057,A282-14-SSC_1,B6,SSC,,,A282-14-SSC_1,A282_14
12,IGF113058,A127-11-EC_1,B8,EC,,,A127-11-EC_1,A127_11
16,IGF113059,A282-14-EC_1,B10,EC,,,A282-14-EC_1,A282_14
20,IGF113060,A096-14-SSC_1,B12,SSC,,,A096-14-SSC_1,A096_14
24,IGF113061,A163-17-SSC_1,C2,SSC,,,A163-17-SSC_1,A163_17
28,IGF113062,A096-14-EC_1,C4,EC,,,A096-14-EC_1,A096_14
32,IGF113063,A163-17-EC_1,C6,EC,,,A163-17-EC_1,A163_17
36,IGF113064,A402-14-SSC_1,C10,SSC,,,A402-14-SSC_1,A402_14
40,IGF113065,A169-10-SSC_1,C8,SSC,,,A169-10-SSC_1,A169_10
44,IGF113066,A053-11-EC_1,C12,EC,,,A053-11-EC_1,A053_11
48,IGF113067,A169-10-EC_1,D2,EC,,,A169-10-EC_1,A169_10
52,IGF113068,A402-14-EC_1,D4,EC,,,A402-14-EC_1,A402_14
56,IGF113069,A297-16-SSC_1,D7,SSC,,,A297-16-SSC_1,A297_16
60,IGF113070,A297-16-EC_1,D9,EC,,,A297-16-EC_1,A297_16
64,IGF113071,A319-11-EC_1,D11,EC,,,A319-11-EC_1,A319_11
68,IGF113072,A277-12-SSC_1,E1,SSC,,,A277-12-SSC_1,A277_12
72,IGF113073,A277-12-EC_1,E3,EC,,,A277-12-EC_1,A277_12
76,IGF113074,A319-11-SSC_1,E5,SSC,,,A319-11-SSC_1,A319_11
80,IGF113075,PDC016-EC_1,E7,EC,,,PDC016-EC_1,PDC016
84,IGF113076,PDC016-SSC_1,E9,SSC,,,PDC016-SSC_1,PDC016
88,IGF113077,PDC026-EC_1,E11,EC,,,PDC026-EC_1,PDC026
92,IGF113078,PDC026-SSC_1,F1,SSC,,,PDC026-SSC_1,PDC026
96,IGF113079,A053-11-T_1,F3,,,,A053-11-T_1,A053_11_T
100,IGF113080,A297-16-T_1,F4,,,,A297-16-T_1,A297_16_T
104,IGF113081,A096-14-T_1,F5,,,,A096-14-T_1,A096_14_T
108,IGF113082,A163-17-T_1,F6,,,,A163-17-T_1,A163_17_T
112,IGF113083,A127-11-T_1,F7,,,,A127-11-T_1,A127_11_T
116,IGF113084,A319-11-T_1,F8,,,,A319-11-T_1,A319_11_T
120,IGF113085,A282-14-T_1,F9,,,,A282-14-T_1,A282_14_T
124,IGF113086,A277-12-T_1,F10,,,,A277-12-T_1,A277_12_T
128,IGF113087,PDC016-T_1,G2,,,,PDC016-T_1,PDC016_T
132,IGF113088,PDC026-T_1,G3,,,,PDC026-T_1,PDC026_T
136,IGF113089,A402-14-T_1,G4,,,,A402-14-T_1,A402_14_T
140,IGF113090,A170-13-T_1,G5,,,,A170-13-T_1,A170_13_T
144,IGF113091,A019-12-EC_1,G6,EC,,,A019-12-EC_1,A019_12
148,IGF113092,A051-14-EC_1,G7,EC,,,A051-14-EC_1,A051_14
152,IGF113093,A115-17-EC_1,G8,EC,,,A115-17-EC_1,A115_17
156,IGF113094,A170-13-EC_1,G9,EC,,,A170-13-EC_1,A170_13
160,IGF113095,A019-12-T_1,G10,,,,A019-12-T_1,A019_12_T
164,IGF113096,A051-14-T_1,G11,,,,A051-14-T_1,A051_14_T
168,IGF113097,A115-17-T_1,G12,,,,A115-17-T_1,A115_17_T
172,IGF113098,A272-15-T_1,H1,,,,A272-15-T_1,A272_15_T
176,IGF113099,A354-16-T_1,H2,,,,A354-16-T_1,A354_16_T
180,IGF113100,A019-12-SSC_1,H9,SSC,,,A019-12-SSC_1,A019_12
184,IGF113101,A051-14-SSC_1,H10,SSC,,,A051-14-SSC_1,A051_14
188,IGF113102,A115-17-SSC_1,H11,SSC,,,A115-17-SSC_1,A115_17
192,IGF113103,A170-13-SSC_1,H12,SSC,,,A170-13-SSC_1,A170_13
196,IGF113104,A272-15-EC_1,A9,EC,,,A272-15-EC_1,A272_15
200,IGF113105,A354-16-EC_1,A10,EC,,,A354-16-EC_1,A354_16
204,IGF113106,A354-16-SSC_1,B9,SSC,,,A354-16-SSC_1,A354_16
208,IGF113107,A272-15-SSC_1,A1,SSC,,,A272-15-SSC_1,A272_15
0,IGF117746,19950030-SOM,S762,SOM,,,19950030-SOM,19950030
1,IGF117748,20100742-SOM,S713,SOM,,,20100742-SOM,20100742
2,IGF117752,19891053-SOM,S736,SOM,,,19891053-SOM,19891053
3,IGF117755,19920179-SOM,S709,SOM,,,19920179-SOM,19920179
4,IGF117760,A277-12-SOM,S732,SOM,,,A277-12-SOM,A277_12
5,IGF117762,19920194-SOM,S774,SOM,,,19920194-SOM,19920194
6,IGF117772,20100742-MTEMP,S747,MTEMP,,,20100742-MTEMP,20100742
7,IGF117782,C19-93-MTEMP,S794,MTEMP,,,C19-93-MTEMP,C19_93
8,IGF117785,19920194-MTEMP,S729,MTEMP,,,19920194-MTEMP,19920194
9,IGF117787,P23-07-MTEMP,S777,MTEMP,,,P23-07-MTEMP,P23_07
10,IGF117790,A064-13-MTEMP,S772,MTEMP,,,A064-13-MTEMP,A064_13
11,IGF117791,PDC016-SOM,S725,SOM,,,PDC016-SOM,PDC016
12,IGF117797,19891015-SOM,S755,SOM,,,19891015-SOM,19891015
13,IGF117800,19920077-MTEMP,S760,MTEMP,,,19920077-MTEMP,19920077
14,IGF117804,A064-13-SOM,S716,SOM,,,A064-13-SOM,A064_13
15,IGF117824,A053-11-MTEMP,S708,MTEMP,,,A053-11-MTEMP,A053_11
0,IGF117818,19960064-MTEMP,S723,MTEMP,,,19960064-MTEMP,19960064
1,IGF117819,19891053-MTEMP,S707,MTEMP,,,19891053-MTEMP,19891053
2,IGF117820,19920001-MTEMP,S745,MTEMP,,,19920001-MTEMP,19920001
3,IGF117821,20130325-MTEMP,S746,MTEMP,,,20130325-MTEMP,20130325
4,IGF117822,A019-12-MTEMP,S778,MTEMP,,,A019-12-MTEMP,A019_12
5,IGF117823,A051-14-MTEMP,S781,MTEMP,,,A051-14-MTEMP,A051_14
6,IGF117825,A096-14-MTEMP,S740,MTEMP,,,A096-14-MTEMP,A096_14
7,IGF117826,A115-17-MTEMP,S792,MTEMP,,,A115-17-MTEMP,A115_17
8,IGF117827,A163-17-MTEMP,S705,MTEMP,,,A163-17-MTEMP,A163_17
9,IGF117828,A170-13-MTEMP,S701,MTEMP,,,A170-13-MTEMP,A170_13
10,IGF117829,A272-15-MTEMP,S754,MTEMP,,,A272-15-MTEMP,A272_15
11,IGF117830,A277-12-MTEMP,S798,MTEMP,,,A277-12-MTEMP,A277_12
12,IGF117831,A282-14-MTEMP,S751,MTEMP,,,A282-14-MTEMP,A282_14
13,IGF117832,A297-16-MTEMP,S717,MTEMP,,,A297-16-MTEMP,A297_16
14,IGF117833,A319-11-MTEMP,S765,MTEMP,,,A319-11-MTEMP,A319_11
15,IGF117834,A354-16-MTEMP,S793,MTEMP,,,A354-16-MTEMP,A354_16
0,IGF117836,PDC016-MTEMP,S702,MTEMP,,,PDC016-MTEMP,PDC016
1,IGF117745,A115-17-SOM,S796,SOM,,,A115-17-SOM,A115_17
2,IGF117749,19920001-SOM,S757,SOM,,,19920001-SOM,19920001
3,IGF117750,A138-12-MTEMP,S783,MTEMP,,,A138-12-MTEMP,A138_12
4,IGF117751,A319-11-SOM,S722,SOM,,,A319-11-SOM,A319_11
5,IGF117754,DPM16-44-SOM,S710,SOM,,,DPM16-44-SOM,DPM16_44
6,IGF117756,19930222-MTEMP,S770,MTEMP,,,19930222-MTEMP,19930222
7,IGF117757,NP13-012-MTEMP,S734,MTEMP,,,NP13-012-MTEMP,NP13_012
8,IGF117758,A096-14-SOM,S763,SOM,,,A096-14-SOM,A096_14
9,IGF117761,NP14-128-MTEMP,S797,MTEMP,,,NP14-128-MTEMP,NP14_128
10,IGF117763,B509-962-SOM,S735,SOM,,,B509-962-SOM,B509_962
11,IGF117764,A127-11-MTEMP,S727,MTEMP,,,A127-11-MTEMP,A127_11
12,IGF117767,B509-962-MTEMP,S742,MTEMP,,,B509-962-MTEMP,B509_962
13,IGF117768,20130325-SOM,S795,SOM,,,20130325-SOM,20130325
14,IGF117769,19920200-SOM,S749,SOM,,,19920200-SOM,19920200
15,IGF117770,A220-11-MTEMP,S773,MTEMP,,,A220-11-MTEMP,A220_11
0,IGF117835,A402-14-MTEMP,S719,MTEMP,,,A402-14-MTEMP,A402_14
1,IGF117837,PDC026-MTEMP,S744,MTEMP,,,PDC026-MTEMP,PDC026
2,IGF117747,A210-05-MTEMP,S785,MTEMP,,,A210-05-MTEMP,A210_05
3,IGF117753,A074-05-MTEMP,S718,MTEMP,,,A074-05-MTEMP,A074_05
4,IGF117759,20129990-MTEMP,S748,MTEMP,,,20129990-MTEMP,20129990
5,IGF117765,NP16-088-MTEMP,S768,MTEMP,,,NP16-088-MTEMP,NP16_088
6,IGF117766,A013-03-SOM,S741,SOM,,,A013-03-SOM,A013_03
7,IGF117775,A166-04-SOM,S720,SOM,,,A166-04-SOM,A166_04
8,IGF117784,19930148-MTEMP,S731,MTEMP,,,19930148-MTEMP,19930148
9,IGF117789,19930154-MTEMP,S789,MTEMP,,,19930154-MTEMP,19930154
10,IGF117808,A074-05-SOM,S787,SOM,,,A074-05-SOM,A074_05
11,IGF117811,A013-03-MTEMP,S703,MTEMP,,,A013-03-MTEMP,A013_03
12,IGF117816,A166-04-MTEMP,S776,MTEMP,,,A166-04-MTEMP,A166_04
0,IGF117771,P3-09-MTEMP,S769,MTEMP,,,P3-09-MTEMP,P3_09
1,IGF117773,A019-12-SOM,S752,SOM,,,A019-12-SOM,A019_12
2,IGF117774,19891015-MTEMP,S704,MTEMP,,,19891015-MTEMP,19891015
3,IGF117776,A272-15-SOM,S715,SOM,,,A272-15-SOM,A272_15
4,IGF117777,19910318-SOM,S753,SOM,,,19910318-SOM,19910318
5,IGF117778,20110137-MTEMP,S758,MTEMP,,,20110137-MTEMP,20110137
6,IGF117779,DPM16-44-MTEMP,S784,MTEMP,,,DPM16-44-MTEMP,DPM16_44
7,IGF117780,A170-13-SOM,S714,SOM,,,A170-13-SOM,A170_13
8,IGF117781,19910318-MTEMP,S771,MTEMP,,,19910318-MTEMP,19910318
9,IGF117783,A163-17-SOM,S779,SOM,,,A163-17-SOM,A163_17
10,IGF117786,A169-10-SOM,S788,SOM,,,A169-10-SOM,A169_10
11,IGF117788,A402-14-SOM,S739,SOM,,,A402-14-SOM,A402_14
12,IGF117792,NP17-023-MTEMP,S737,MTEMP,,,NP17-023-MTEMP,NP17_023
13,IGF117793,A220-11-SOM,S728,SOM,,,A220-11-SOM,A220_11
14,IGF117794,20185935-MTEMP,S780,MTEMP,,,20185935-MTEMP,20185935
15,IGF117795,PDC026-SOM,S761,SOM,,,PDC026-SOM,PDC026
0,IGF117796,NP12-162-MTEMP,S712,MTEMP,,,NP12-162-MTEMP,NP12_162
1,IGF117798,A282-14-SOM,S786,SOM,,,A282-14-SOM,A282_14
2,IGF117799,A354-16-SOM,S743,SOM,,,A354-16-SOM,A354_16
3,IGF117801,19950030-MTEMP,S775,MTEMP,,,19950030-MTEMP,19950030
4,IGF117802,A051-14-SOM,S750,SOM,,,A051-14-SOM,A051_14
5,IGF117803,19920200-MTEMP,S706,MTEMP,,,19920200-MTEMP,19920200
6,IGF117805,19920179-MTEMP,S724,MTEMP,,,19920179-MTEMP,19920179
7,IGF117806,A053-11-SOM,S790,SOM,,,A053-11-SOM,A053_11
8,IGF117807,19910006-MTEMP,S791,MTEMP,,,19910006-MTEMP,19910006
9,IGF117809,A127-11-SOM,S726,SOM,,,A127-11-SOM,A127_11
10,IGF117810,19910334-MTEMP,S767,MTEMP,,,19910334-MTEMP,19910334
11,IGF117812,A138-12-SOM,S738,SOM,,,A138-12-SOM,A138_12
12,IGF117813,20150712-MTEMP,S766,MTEMP,,,20150712-MTEMP,20150712
13,IGF117814,A297-16-SOM,S711,SOM,,,A297-16-SOM,A297_16
14,IGF117815,19920035-MTEMP,S759,MTEMP,,,19920035-MTEMP,19920035
15,IGF117817,A210-05-SOM,S721,SOM,,,A210-05-SOM,A210_05
