syn53058616,syn53061537
syn53058617,syn53061537
syn53058615,syn53061537
syn53058615,syn53061537
syn53058619,syn53061537
syn53058621,syn53061537
syn53058621,syn53061537
syn53058620,syn53061537
syn53058623,syn53061537
syn53058624,syn53061537
syn53058625,syn53061537
syn53058626,syn53061537
syn53058628,syn53061537
syn53058629,syn53061537
syn53058630,syn53061537
syn53058631,syn53061537
syn53058631,syn53061537
syn53058633,syn53061537
syn53058633,syn53061537
syn53058636,syn53061537
syn53058636,syn53061537
syn53058638,syn53061537
syn53058638,syn53061537
syn53058639,syn53061537
syn53058639,syn53061537
syn53058640,syn53061537
syn53058640,syn53061537
syn53058641,syn53061537
syn53058641,syn53061537
,syn53061537
,syn53061537
syn53058645,syn53061537
syn53058648,syn53061537
syn53058648,syn53061537
syn53058647,syn53061537
syn53058649,syn53061537
syn53058650,syn53061537
syn53058651,syn53061537
syn53058651,syn53061537
syn53058653,syn53061537
syn53058654,syn53061537
syn53058654,syn53061537
syn53058658,syn53061537
syn53058659,syn53061537
syn53058660,syn53061537
syn53058662,syn53061537
syn53058661,syn53061537
syn53058665,syn53061537
syn53058667,syn53061537
syn53058668,syn53061537
syn53058671,syn53061537
syn53058673,syn53061537
syn53058672,syn53061537
syn53058675,syn53061537
syn53058679,syn53061537
syn53058679,syn53061537
syn53058676,syn53061537
syn53058676,syn53061537
syn53058682,syn53061537
syn53058684,syn53061537
syn53058687,syn53061537
syn53058690,syn53061537
syn53058691,syn53061537
,syn52658347
,syn52658347
,syn52658347
,syn52658347
,syn52658347
syn53058703,syn53061539
syn53058703,syn53061539
syn53058705,syn53061539
syn53058704,syn53061539
syn53058708,syn53061539
syn53058709,syn53061539
syn53058710,syn53061539
syn53058711,syn53061539
syn53058713,syn53061539
syn53058714,syn53061539
syn53058715,syn53061539
syn53058717,syn53061539
syn53058716,syn53061539
